age,tenure_years,num_policies,annual_premium,num_claims,claim_amount,policy_type,region,complaint_count,contacted_support,premium_increase_pct,churn
60,19,1,3442,0,0,Life,East,1,0,19.28,1
50,19,2,3067,0,0,Health,West,0,0,26.7,0
36,12,1,2174,1,1085,Auto,South,0,0,16.06,0
64,3,2,3183,1,2669,Auto,East,1,0,8.32,1
29,13,1,3880,2,4374,Home,North,0,1,26.4,0
42,18,2,1239,0,0,Health,East,1,1,16.24,0
60,8,2,2045,0,0,Life,West,0,0,27.18,0
40,15,2,2759,1,1125,Health,North,0,0,1.21,0
44,1,2,1635,2,638,Auto,North,1,1,11.93,0
32,3,2,1373,0,0,Life,South,0,0,28.43,0
32,8,2,2800,0,0,Life,North,0,1,7.49,0
45,4,1,1251,1,2325,Life,North,0,1,28.25,0
57,16,2,1353,0,0,Health,South,0,1,28.62,0
61,10,1,4232,0,0,Home,East,0,1,26.46,0
45,12,4,2783,1,811,Auto,West,0,1,16.91,1
24,14,1,1829,0,0,Home,East,1,1,19.41,1
43,14,2,977,3,5577,Life,North,1,1,26.09,1
23,2,2,3226,0,0,Home,West,0,1,23.28,0
45,5,2,3591,1,2856,Auto,East,3,1,18.9,0
65,5,1,4730,2,410,Health,West,0,0,29.47,0
51,6,2,1769,2,1760,Home,North,0,0,20.57,0
59,13,2,4681,1,2518,Life,East,1,1,29.26,0
23,9,2,3103,0,0,Home,West,1,0,1.72,0
42,15,1,1969,0,0,Home,West,1,1,4.17,0
54,14,2,877,2,596,Auto,East,0,1,13.54,0
33,7,2,2180,0,0,Health,East,0,1,11.55,0
43,2,2,741,1,2441,Life,North,2,1,23.48,0
65,7,2,1419,1,1380,Health,South,0,1,4.82,0
46,6,2,569,0,0,Health,West,1,0,29.28,0
48,17,1,4424,0,0,Auto,East,0,1,9.45,0
63,2,1,2586,1,595,Auto,East,1,0,12.87,0
49,3,1,2507,1,969,Home,East,0,0,8.24,0
37,5,1,1300,0,0,Life,West,0,0,17.38,0
36,5,2,3279,1,1745,Auto,North,0,0,1.76,0
68,1,2,1255,1,2992,Home,South,1,0,4.49,1
65,8,1,2495,0,0,Auto,West,1,0,22.37,0
24,12,4,1821,0,0,Life,North,0,1,5.6,0
58,4,1,2830,1,214,Life,West,1,1,7.07,1
28,13,3,609,2,5230,Life,West,0,0,23.79,0
42,15,2,1516,1,2885,Auto,East,0,0,2.8,0
30,11,1,4365,1,1436,Auto,North,0,1,13.12,0
60,10,1,524,0,0,Home,East,0,1,0.69,0
39,3,2,3338,0,0,Health,East,0,1,10.4,0
25,14,1,1237,0,0,Health,North,0,0,20.97,0
46,16,4,679,0,0,Auto,East,1,1,2.7,0
35,10,2,731,0,0,Auto,East,1,0,26.65,0
30,10,4,2417,1,1807,Home,South,1,1,27.28,0
47,12,1,842,0,0,Auto,North,0,0,3.15,0
23,9,2,3123,0,0,Health,North,2,0,29.72,0
41,1,2,954,2,1982,Auto,East,1,0,8.93,1
49,5,2,4884,0,0,Home,East,0,0,2.52,0
68,8,1,2776,1,351,Health,North,1,0,0.15,0
28,11,2,1095,0,0,Life,North,0,1,12.26,0
65,12,2,4374,0,0,Life,West,0,1,18.89,0
29,1,2,4997,0,0,Life,North,0,0,9.97,0
68,11,1,3169,0,0,Auto,West,0,0,25.1,0
56,5,3,2635,2,5888,Life,East,2,0,21.5,0
35,15,1,4464,1,703,Life,South,0,1,10.5,0
38,5,3,2065,0,0,Life,South,0,0,22.03,0
57,12,3,808,1,550,Health,West,2,0,28.21,1
61,5,3,842,0,0,Health,East,2,0,2.79,0
25,17,2,935,0,0,Auto,East,1,1,9.18,0
23,17,2,676,2,1594,Life,East,0,0,13.9,0
27,12,4,638,0,0,Life,North,0,0,14.94,0
63,15,1,693,0,0,Health,East,1,1,16.27,1
25,15,2,3757,0,0,Health,North,0,1,9.02,0
50,6,2,3735,0,0,Life,West,0,1,20.02,0
39,12,2,1442,2,748,Life,South,0,0,19.35,0
47,18,1,4379,1,1198,Home,West,0,0,17.33,0
65,14,2,3613,0,0,Auto,East,0,1,3.41,0
55,2,3,3462,3,8604,Life,East,0,1,14.31,0
31,9,1,1453,1,1416,Life,West,0,0,10.69,0
57,5,4,1802,0,0,Home,North,0,0,14.73,0
35,1,1,3881,0,0,Auto,North,0,0,27.66,0
52,3,1,3380,1,2527,Health,North,0,0,14.42,0
69,6,1,2687,1,1259,Auto,South,1,1,0.42,0
36,5,1,1045,0,0,Auto,South,1,1,13.17,1
29,5,4,2427,0,0,Auto,East,0,0,24.62,0
35,1,1,4652,1,1763,Health,West,0,0,23.4,0
44,17,2,504,1,1246,Health,West,0,1,15.4,0
61,19,1,3981,2,5932,Life,East,0,0,7.49,0
42,14,2,3753,0,0,Home,North,0,1,13.95,0
37,12,2,1862,2,4676,Auto,South,0,1,16.91,1
66,10,1,2320,0,0,Life,West,1,1,30.0,0
39,18,1,3163,1,2797,Home,East,1,0,19.33,0
68,11,3,3438,1,1451,Home,North,0,0,20.83,0
45,2,1,1773,0,0,Home,North,0,0,14.74,0
47,18,2,3826,1,1573,Home,South,1,0,10.63,0
46,7,1,4159,0,0,Home,South,0,0,24.39,0
66,15,3,3445,1,2980,Life,East,1,1,14.85,0
62,11,1,3518,3,2097,Auto,East,0,1,29.84,0
50,18,2,1631,0,0,Auto,North,1,1,13.71,0
36,12,1,3136,2,5528,Life,North,2,0,2.04,0
66,6,4,3529,1,2315,Life,West,2,1,20.48,0
22,13,1,3519,0,0,Home,North,0,1,1.4,0
46,16,3,4877,1,2370,Life,East,0,0,7.52,0
28,18,2,3659,0,0,Home,South,0,1,10.61,0
30,10,1,753,1,535,Life,East,2,0,22.18,0
45,8,3,828,0,0,Life,West,0,0,14.83,0
22,18,1,3091,0,0,Health,West,0,0,0.86,0
65,1,3,3330,2,2770,Life,South,0,1,18.51,0
29,8,4,3544,1,2133,Auto,East,0,1,12.34,0
45,6,3,1920,1,1666,Health,West,0,0,27.66,0
32,5,1,3901,0,0,Life,East,0,0,14.99,0
38,15,3,3392,2,3522,Life,West,0,0,21.27,0
29,15,2,1154,0,0,Health,South,0,0,6.57,0
56,2,3,1259,1,1003,Life,West,2,0,22.83,0
56,1,2,2298,0,0,Auto,East,1,0,21.63,0
54,11,3,3471,0,0,Health,East,1,0,27.12,0
26,10,2,3926,0,0,Life,West,0,1,1.01,0
63,18,2,754,1,1282,Health,North,1,0,13.43,0
60,18,1,4323,0,0,Life,South,0,1,20.37,0
62,17,3,2376,1,1485,Life,South,0,0,2.85,0
49,8,2,3257,0,0,Life,West,0,0,12.32,0
28,15,2,3124,0,0,Home,West,0,0,28.26,0
30,8,3,4621,0,0,Home,North,0,0,13.08,0
29,17,2,3504,1,2018,Auto,South,3,0,29.56,0
33,12,1,4234,3,3498,Health,North,0,1,1.71,1
55,8,2,1744,1,2720,Life,South,0,1,21.53,0
54,14,2,1508,1,2677,Health,West,0,0,17.43,0
69,4,2,4814,0,0,Auto,South,0,0,15.02,0
44,1,1,2010,1,1369,Home,South,0,1,29.13,1
45,1,1,2459,1,1747,Life,South,0,0,3.89,1
58,19,1,3008,0,0,Life,North,1,1,26.88,0
56,16,2,3182,1,308,Auto,North,0,1,20.74,0
65,14,1,1489,0,0,Auto,South,0,1,7.77,0
61,16,2,4784,1,1957,Auto,East,1,0,27.05,1
43,5,4,754,1,1193,Auto,North,2,0,12.88,0
48,9,1,4663,1,1717,Home,West,1,0,24.43,1
56,2,2,4952,1,1556,Health,West,1,1,11.67,0
22,18,3,755,1,1021,Home,South,0,1,25.53,0
56,6,4,1507,0,0,Home,West,0,1,19.1,0
58,9,2,2255,1,2896,Auto,North,1,1,4.23,0
68,1,2,3071,2,780,Health,East,2,1,19.49,1
35,9,3,4408,1,2196,Life,East,0,1,5.74,0
24,16,2,3497,1,1132,Health,East,0,1,12.36,0
22,13,3,3303,3,1023,Health,West,1,1,5.11,0
26,9,1,4265,2,4184,Home,South,0,0,0.66,0
47,13,4,4879,1,2415,Life,West,0,0,6.36,0
35,9,2,3883,1,765,Life,South,0,1,16.09,0
60,11,2,598,0,0,Auto,East,1,0,14.45,0
48,4,1,696,0,0,Life,North,3,0,15.04,1
30,2,2,3029,0,0,Health,West,0,1,7.43,0
36,6,1,1377,1,943,Health,North,0,1,20.55,0
36,14,3,2368,1,872,Auto,East,0,1,21.13,0
47,4,3,3165,1,730,Life,South,0,0,10.74,0
63,6,1,1888,1,1513,Home,North,0,1,26.44,0
34,19,3,2915,0,0,Health,West,0,0,19.32,0
53,6,3,1069,1,1733,Home,North,0,1,21.39,1
60,2,2,3137,1,2422,Health,North,1,0,8.32,0
53,18,1,1565,0,0,Life,West,1,1,0.02,0
25,13,1,921,1,384,Life,South,0,1,25.96,1
51,9,1,3383,0,0,Life,West,0,0,24.67,0
58,19,1,1704,0,0,Health,East,3,1,3.7,0
44,13,4,1044,0,0,Life,South,0,1,11.22,0
60,11,1,4666,2,4806,Health,North,1,0,19.84,1
66,1,3,4139,0,0,Health,West,0,0,19.56,0
36,7,1,1723,2,5358,Life,East,1,0,25.81,1
64,15,2,3672,0,0,Life,West,1,0,4.21,0
50,1,3,1267,1,960,Auto,South,1,1,12.9,0
57,12,3,4157,0,0,Home,East,2,1,2.92,0
34,7,1,1154,2,5456,Life,North,2,0,11.69,0
53,15,2,2946,0,0,Life,South,0,0,0.45,0
28,19,2,720,0,0,Home,East,0,0,26.95,0
43,1,1,4166,0,0,Life,South,0,0,15.81,0
49,17,1,4777,1,1906,Home,North,1,0,25.49,0
23,17,2,4902,2,536,Life,East,1,0,1.8,0
63,3,2,3069,0,0,Home,West,0,0,6.82,0
66,12,2,1513,2,4208,Health,West,0,1,7.78,0
27,6,1,2551,0,0,Home,North,1,1,11.6,0
49,11,2,4485,1,2929,Health,East,0,0,24.09,0
49,3,2,4810,1,2451,Auto,North,0,1,11.6,0
65,8,2,3519,2,1506,Life,North,1,1,6.14,0
65,14,3,4181,1,2260,Life,South,0,1,1.95,0
41,14,2,1943,0,0,Auto,West,0,0,2.38,0
51,10,3,4696,0,0,Health,North,0,1,22.8,0
32,2,1,3510,1,2298,Home,South,0,1,13.34,0
49,14,2,1072,1,699,Health,North,0,0,21.79,0
46,9,1,1832,0,0,Home,North,0,0,20.47,0
60,3,2,4502,1,2971,Health,North,0,1,4.06,0
54,8,2,3634,2,5208,Home,West,0,1,4.29,0
22,16,3,4586,0,0,Home,East,0,1,22.66,0
48,2,1,725,1,2503,Health,West,0,1,21.64,0
34,6,2,4700,1,1711,Home,South,3,1,11.34,1
62,12,2,2497,3,1434,Auto,East,0,0,2.32,0
24,5,1,1271,0,0,Life,South,2,0,0.36,0
60,2,1,933,2,1290,Auto,North,1,1,8.64,0
27,16,1,3599,2,4720,Life,East,0,0,0.28,0
29,5,1,3229,1,1035,Auto,South,1,0,6.9,0
48,15,1,3907,1,954,Life,North,0,1,12.59,0
30,12,1,3640,1,2045,Life,South,1,1,3.64,1
58,4,1,1365,0,0,Health,South,0,0,3.13,0
54,15,2,3293,1,1712,Health,West,1,0,26.89,0
63,11,2,3411,1,1630,Home,North,0,0,17.56,0
65,16,4,2915,1,2614,Home,West,1,0,28.03,0
45,6,2,750,0,0,Health,East,0,1,10.37,0
36,14,3,4257,0,0,Life,North,2,0,20.31,0
53,18,3,1418,1,2975,Auto,West,0,1,6.14,0
53,12,2,1673,0,0,Health,West,1,1,18.55,0
45,11,2,3703,1,2108,Health,East,0,1,3.89,0
62,13,3,932,2,5934,Health,South,0,0,0.06,0
33,11,1,1335,0,0,Health,South,1,0,27.95,0
60,16,1,2746,1,1222,Health,South,2,0,16.65,0
23,15,2,2762,0,0,Auto,East,0,0,27.81,0
24,15,2,1397,2,3522,Health,West,2,1,10.01,0
58,4,1,4132,2,752,Home,North,1,0,9.83,0
38,11,4,4315,1,1046,Health,East,1,1,12.02,0
23,19,2,746,1,1448,Life,South,0,0,21.18,0
23,15,2,2929,1,1800,Home,South,0,0,16.97,0
49,4,4,1490,1,1804,Health,North,2,1,27.76,1
44,13,2,3810,0,0,Life,East,0,0,0.76,0
58,19,4,1426,3,6768,Auto,South,0,0,21.25,0
53,2,2,3938,0,0,Health,East,0,0,9.91,0
54,14,1,3107,1,909,Auto,West,0,0,5.41,1
22,4,3,1574,1,2932,Health,East,1,1,15.31,1
40,16,2,4522,0,0,Auto,West,1,0,15.15,0
23,14,3,4299,0,0,Life,North,0,0,4.11,0
65,15,4,3651,0,0,Health,West,0,0,6.06,0
47,3,3,3938,1,226,Home,West,0,1,12.24,0
53,8,2,3991,0,0,Auto,North,0,0,12.26,0
27,16,3,1206,0,0,Life,South,0,0,9.53,0
53,10,2,3564,1,284,Life,North,2,0,4.46,0
25,4,2,1253,1,2055,Health,East,1,0,0.13,0
32,18,3,1087,4,10852,Auto,North,0,0,29.11,0
38,2,1,1834,0,0,Auto,East,2,0,28.3,0
59,17,2,2347,0,0,Auto,South,0,0,14.51,0
45,13,3,4434,3,633,Health,East,1,0,29.85,0
26,4,2,4426,1,1212,Auto,North,0,0,20.21,1
55,11,2,3817,0,0,Health,North,1,1,2.07,0
27,7,3,4520,0,0,Life,South,0,1,3.53,0
43,12,2,3655,0,0,Health,North,0,0,27.48,0
32,10,3,4802,1,1517,Home,South,0,0,18.9,0
69,7,1,2698,1,1583,Auto,South,0,1,25.3,0
37,13,1,664,2,3756,Health,North,0,1,26.95,0
54,7,1,2498,2,758,Auto,West,0,0,13.44,0
30,17,2,3557,1,996,Home,East,0,1,1.46,0
27,10,2,2584,0,0,Health,West,1,0,5.65,0
37,10,3,4928,2,4448,Health,South,0,0,2.0,0
50,4,2,902,3,8064,Home,East,1,1,5.66,0
24,4,2,913,1,1086,Home,West,0,1,12.32,0
41,7,1,544,1,2668,Health,North,2,1,3.55,0
57,1,2,4657,0,0,Health,West,2,0,5.0,0
40,12,2,2967,1,1875,Health,East,0,0,13.37,0
47,13,1,1367,0,0,Life,East,1,1,10.21,0
24,10,1,518,0,0,Home,East,0,0,14.03,0
40,15,1,864,1,2960,Health,East,2,0,12.88,0
41,13,1,4332,1,2632,Home,West,0,0,19.33,0
53,9,2,1079,0,0,Life,North,0,0,28.12,0
28,9,1,1045,0,0,Health,North,0,0,3.24,0
62,15,2,4650,1,1478,Life,East,0,1,2.98,0
54,10,3,3539,0,0,Auto,North,0,1,25.58,0
61,10,2,4637,2,2232,Health,West,1,0,15.19,1
60,8,4,4544,0,0,Auto,North,0,1,22.99,0
39,16,2,4826,1,1981,Life,South,0,0,6.46,0
61,17,2,952,0,0,Life,North,0,1,24.87,0
22,5,4,4461,2,3432,Life,East,0,0,27.72,0
32,4,1,1881,0,0,Life,North,0,1,19.06,0
49,18,4,1967,0,0,Auto,North,1,1,3.18,1
46,19,1,3238,1,1114,Health,North,0,0,26.86,0
44,4,2,1716,1,2053,Auto,North,0,0,23.77,0
52,7,1,1380,0,0,Health,South,0,1,22.53,0
51,10,2,4314,3,4938,Life,West,0,0,1.1,0
63,18,2,3649,0,0,Life,East,1,1,23.97,0
56,19,2,584,1,1683,Life,East,0,1,4.14,0
28,4,1,4644,1,2274,Auto,North,0,0,6.67,0
37,10,1,1668,1,1000,Auto,West,0,1,17.31,0
47,1,1,4664,1,1446,Life,North,0,1,7.95,0
69,18,1,3629,0,0,Life,South,0,1,19.84,0
23,5,4,4145,0,0,Home,West,0,0,18.24,0
22,15,1,3026,1,1371,Auto,West,1,0,3.24,0
69,17,3,3367,2,1876,Auto,West,0,0,19.68,0
33,3,3,4016,1,1574,Health,West,0,1,27.72,0
26,12,1,3867,2,5324,Life,North,0,1,4.83,0
58,2,2,2694,0,0,Home,South,0,1,17.91,0
53,1,1,4055,0,0,Auto,West,0,0,10.26,0
30,17,1,945,1,2288,Health,East,2,0,13.79,0
62,16,1,4126,1,1211,Auto,East,2,1,8.61,0
56,5,2,4516,1,2950,Auto,South,0,1,10.62,0
40,15,2,4375,1,2326,Life,East,0,1,0.87,0
69,3,2,3837,1,916,Health,North,0,1,29.45,0
37,7,2,761,0,0,Life,North,0,1,18.74,0
24,11,1,2348,0,0,Life,South,1,1,15.02,1
41,10,2,4525,1,1673,Auto,West,1,1,11.51,0
45,9,3,2766,1,2721,Life,East,2,0,16.18,0
54,14,1,591,2,2730,Auto,East,0,1,11.4,0
45,13,1,4722,0,0,Home,South,0,1,10.8,0
32,2,2,4675,0,0,Life,South,1,0,13.92,0
29,3,1,3809,0,0,Health,East,1,0,8.28,0
57,7,2,1482,0,0,Auto,West,2,0,5.4,0
59,18,1,3943,1,2012,Auto,South,0,0,16.7,0
61,3,1,3033,1,1535,Auto,North,0,0,25.28,0
41,10,1,1193,1,754,Health,East,0,0,4.58,0
56,7,1,4620,1,1855,Health,South,0,0,0.98,0
69,9,2,655,1,1955,Health,South,0,0,7.4,0
46,17,2,4088,2,490,Home,South,1,1,29.39,0
56,11,3,2312,0,0,Health,East,0,0,24.86,0
46,7,3,4614,1,1271,Home,North,0,0,17.88,0
50,14,2,1907,0,0,Life,North,1,0,27.88,0
39,19,3,1716,3,6993,Home,East,0,0,13.36,0
67,4,1,1910,2,1484,Auto,South,2,0,29.5,0
39,6,2,3997,2,3302,Health,East,0,1,8.89,0
23,10,2,4872,0,0,Auto,East,0,1,7.21,0
56,7,1,1051,1,2767,Life,South,3,0,19.14,0
37,13,2,3894,0,0,Life,East,2,1,11.34,0
62,14,1,1676,2,2224,Life,West,0,0,18.79,0
57,4,2,4832,0,0,Life,North,1,1,9.15,0
54,8,3,1497,1,2540,Health,West,0,1,18.54,0
25,5,3,4576,0,0,Auto,West,0,0,8.27,1
54,1,2,3231,1,1688,Auto,West,0,1,1.53,0
35,4,2,4437,1,2108,Life,East,0,1,27.36,0
42,3,2,4552,0,0,Home,South,1,1,26.5,0
69,9,2,872,0,0,Auto,East,1,1,29.12,0
41,8,1,2748,2,5254,Home,North,3,1,21.5,0
29,1,2,1348,0,0,Auto,East,1,0,20.48,0
28,6,2,3056,0,0,Life,East,0,1,16.77,0
24,9,4,2822,1,779,Health,East,1,1,3.78,0
38,7,2,1003,0,0,Auto,East,3,1,5.68,0
54,4,2,3689,1,1642,Life,West,1,1,8.68,0
69,13,2,1202,1,897,Life,South,1,0,26.7,0
33,17,2,4125,0,0,Life,North,2,0,5.19,1
43,2,2,814,0,0,Life,North,0,0,27.69,0
43,5,1,2876,0,0,Health,North,1,0,15.68,0
67,12,2,1540,2,970,Health,East,2,0,21.47,1
51,8,3,4878,0,0,Life,North,3,1,3.31,0
59,6,2,3490,1,769,Auto,West,0,1,8.07,0
59,8,1,757,0,0,Health,South,0,1,28.76,0
66,18,2,1074,0,0,Life,East,1,0,7.98,0
29,3,3,2052,0,0,Life,East,0,1,8.9,0
48,12,1,1257,2,4234,Life,West,1,1,5.93,0
48,3,3,3310,1,904,Health,North,0,1,3.87,1
55,6,3,1604,0,0,Life,East,0,0,7.0,0
42,2,2,3959,0,0,Health,East,0,0,19.27,0
51,12,4,4492,1,2198,Auto,West,0,1,13.66,0
54,2,3,703,1,231,Health,West,0,0,16.61,0
49,6,3,3275,0,0,Life,North,0,1,3.67,0
68,17,2,2832,0,0,Health,South,0,1,24.06,0
54,3,1,2492,1,1574,Auto,South,0,1,23.52,0
26,2,1,2743,1,2045,Home,North,0,1,0.65,0
69,8,2,806,0,0,Auto,South,0,1,11.51,0
40,12,1,2187,1,2517,Health,West,0,1,2.06,0
25,4,2,4609,0,0,Health,West,1,0,23.76,0
56,5,3,2360,0,0,Health,West,0,0,22.12,1
38,13,3,2461,1,1798,Home,South,0,0,27.06,0
65,15,2,1222,0,0,Life,South,1,0,7.09,0
49,16,3,1279,1,2128,Home,East,0,0,13.69,0
51,10,3,1028,0,0,Auto,East,3,0,5.53,1
50,16,2,843,0,0,Auto,East,1,1,11.14,0
67,12,1,4286,1,291,Life,South,0,0,15.67,0
27,17,2,4182,0,0,Auto,East,0,0,1.6,0
56,16,2,708,0,0,Health,West,0,1,21.45,0
62,12,2,3906,0,0,Life,South,0,1,16.3,0
58,8,2,1811,1,1251,Life,North,0,1,24.87,0
45,3,1,2799,0,0,Home,South,0,1,8.15,0
50,16,2,3836,1,2619,Health,East,1,0,27.1,0
67,13,3,2447,1,1031,Health,South,0,0,29.96,0
52,19,2,1419,0,0,Life,East,0,0,27.58,0
56,8,4,2544,1,1642,Auto,East,1,0,23.34,0
54,5,3,918,1,1419,Auto,North,0,0,24.37,0
42,8,4,2249,0,0,Auto,North,0,1,17.21,0
53,12,4,3342,3,1098,Health,West,0,0,5.7,0
44,1,3,1599,0,0,Health,East,0,0,20.31,1
54,6,2,3892,0,0,Health,South,3,0,21.38,0
24,18,1,3272,0,0,Life,North,0,1,29.56,0
39,8,2,2980,1,2971,Home,North,0,0,16.24,0
46,7,2,2045,1,1486,Health,East,0,0,8.14,0
63,1,1,1570,0,0,Health,South,0,0,20.51,0
52,16,1,2350,0,0,Health,North,0,0,29.38,0
24,12,4,4698,2,5518,Auto,North,1,0,5.32,0
61,6,3,3439,0,0,Life,South,2,0,9.78,0
67,2,3,2403,1,1949,Life,North,0,0,16.26,0
45,14,2,1178,1,2109,Auto,South,0,1,5.11,0
53,4,1,1488,0,0,Health,East,1,0,0.67,0
68,1,1,2975,1,2969,Auto,North,0,1,10.11,0
43,18,1,2107,0,0,Life,East,0,0,25.96,0
44,13,1,3369,1,1397,Auto,South,0,0,1.3,0
23,2,1,2002,0,0,Life,East,0,0,12.87,0
48,9,4,2289,0,0,Life,East,0,0,22.87,0
63,2,2,1925,0,0,Home,East,1,0,28.6,0
23,9,1,2940,1,300,Health,West,1,0,29.56,0
47,1,1,2542,1,1932,Health,South,0,1,12.66,0
38,11,2,1778,3,6357,Life,South,0,1,28.51,0
61,3,1,3094,0,0,Auto,South,2,1,1.06,0
54,4,4,2936,0,0,Health,South,0,0,22.38,0
30,18,2,4303,2,608,Home,South,2,1,19.28,0
64,6,2,2705,0,0,Home,North,0,0,7.49,0
69,3,1,1527,1,1890,Auto,North,0,1,15.22,0
60,11,1,4039,1,1510,Health,North,0,0,3.89,0
50,15,2,3983,1,1270,Health,East,2,0,26.15,0
63,5,2,2741,0,0,Auto,East,0,1,10.74,1
47,10,2,3265,2,2034,Life,South,0,1,18.78,0
56,12,1,1673,0,0,Health,West,0,0,4.76,0
46,15,2,3730,4,6944,Life,South,2,0,6.18,0
45,17,2,3850,0,0,Life,North,2,0,29.76,0
34,10,3,903,2,2178,Life,South,3,1,22.59,1
28,6,1,3225,0,0,Health,East,3,0,28.86,1
57,18,1,3882,1,2073,Auto,South,0,1,8.88,0
66,13,2,4663,0,0,Health,North,0,0,4.94,0
41,3,2,587,1,752,Health,South,0,0,15.09,0
22,10,2,1658,1,1043,Life,East,0,1,14.84,0
29,14,2,4773,1,858,Health,West,1,0,5.25,0
67,6,2,3357,1,1218,Life,North,2,0,22.0,0
37,3,3,1881,0,0,Auto,South,0,0,10.85,0
35,16,2,2564,0,0,Home,East,1,1,5.59,0
33,7,4,2874,0,0,Life,North,2,1,9.96,0
44,14,2,817,0,0,Life,North,0,1,16.91,0
36,9,4,2002,1,974,Health,East,0,1,21.79,0
49,15,3,2542,2,3160,Home,South,0,1,14.46,0
55,3,1,2522,0,0,Auto,South,0,0,15.77,0
23,2,3,618,0,0,Home,South,0,0,4.17,0
53,2,1,1209,0,0,Health,North,0,1,27.44,0
44,3,4,4057,0,0,Home,West,0,1,27.86,0
43,18,2,4640,2,3208,Life,North,3,0,20.5,1
46,14,1,4909,0,0,Life,South,0,0,0.53,0
43,18,2,3750,1,1569,Home,North,0,0,16.11,0
43,10,4,917,3,4803,Home,West,3,0,18.88,0
63,2,1,3103,1,2769,Life,North,0,0,29.84,0
27,1,2,4354,1,2264,Life,East,0,1,29.88,1
36,4,2,1601,0,0,Life,South,1,0,25.73,1
64,14,3,4921,1,2965,Life,South,0,1,1.91,0
58,1,2,3928,2,1832,Life,South,1,1,28.6,0
54,14,1,2761,0,0,Home,North,0,1,18.38,0
29,16,1,4669,1,1911,Auto,North,0,0,24.03,0
65,14,2,4134,2,2850,Auto,North,0,0,12.22,0
65,3,2,1008,1,1471,Auto,South,0,0,9.59,0
26,3,4,2879,0,0,Health,North,1,0,13.9,0
60,9,1,3664,1,208,Auto,South,1,0,4.41,0
25,6,2,1187,1,797,Health,North,2,1,10.71,0
27,13,1,1792,0,0,Health,South,1,0,25.73,0
66,2,1,4405,1,2190,Health,East,0,1,1.14,0
53,8,2,3575,2,4974,Health,North,1,1,4.53,0
51,2,2,3709,0,0,Auto,South,1,1,3.75,1
68,4,2,824,0,0,Home,East,1,1,12.09,0
56,15,4,2493,0,0,Health,East,1,0,29.91,0
61,4,2,4476,1,2446,Auto,West,0,1,5.2,0
37,13,4,3270,0,0,Life,North,0,0,4.36,0
34,12,3,4872,1,1050,Auto,South,1,1,27.45,0
63,13,2,3083,0,0,Health,West,0,0,26.46,0
51,14,3,4057,0,0,Life,North,0,0,0.97,0
40,18,2,4087,3,1497,Health,East,1,0,22.55,0
38,6,1,651,1,2543,Auto,North,0,0,19.66,1
40,11,2,1454,0,0,Life,South,0,0,23.03,0
49,2,1,4854,1,1677,Home,East,0,0,14.84,0
47,19,2,2871,1,1504,Life,West,1,1,29.74,0
58,19,2,1691,2,2400,Home,North,0,0,1.32,0
47,5,1,1187,1,1282,Auto,North,1,0,7.03,0
44,19,1,809,1,1565,Health,West,0,0,11.9,0
30,2,4,2002,0,0,Health,North,0,0,13.49,0
33,10,2,3627,0,0,Auto,North,0,0,27.64,0
22,2,1,3867,0,0,Auto,North,1,1,16.8,0
22,11,2,3895,1,2872,Auto,East,0,0,1.35,0
68,18,2,1313,0,0,Health,East,3,0,12.24,0
55,15,2,1345,0,0,Health,South,2,0,12.49,0
53,9,4,1664,0,0,Home,North,1,0,28.96,0
69,19,2,2267,2,5006,Life,South,2,0,17.98,0
46,9,1,854,2,4102,Health,East,0,1,19.07,0
61,3,3,2372,1,2097,Life,North,0,0,21.4,0
66,9,3,2524,2,3858,Auto,South,1,0,23.1,1
22,14,1,3317,2,3054,Auto,North,1,1,19.05,0
37,19,1,4332,1,814,Life,North,2,0,7.12,0
60,7,1,4775,2,888,Life,West,1,1,26.22,0
26,16,2,565,0,0,Life,South,3,0,21.96,0
43,16,2,4766,1,1023,Health,East,0,0,22.26,0
50,1,2,4590,0,0,Health,South,1,1,29.9,0
24,4,4,3021,1,2046,Home,South,1,0,24.08,0
33,4,3,3081,0,0,Health,South,1,1,24.87,0
47,7,1,1890,0,0,Life,West,0,0,28.54,0
37,8,1,1630,0,0,Home,North,1,1,4.53,0
58,17,2,2986,1,673,Health,East,2,1,14.93,0
43,5,1,1334,0,0,Health,West,0,1,17.42,0
50,7,2,726,0,0,Life,East,1,1,9.88,0
35,4,3,4015,1,1992,Health,West,0,1,25.18,0
49,6,1,2943,0,0,Home,North,3,0,22.87,0
26,7,2,1227,0,0,Health,East,0,0,21.63,0
68,18,3,4186,3,3876,Health,South,0,0,29.91,0
51,5,2,4122,1,2613,Auto,West,0,0,7.78,0
67,3,1,1536,1,1385,Home,East,1,1,22.06,0
26,7,2,2332,2,3924,Life,North,0,0,16.54,0
33,14,1,3240,0,0,Health,East,1,0,9.39,0
37,7,4,992,0,0,Home,West,2,1,4.82,0
47,5,1,2048,1,630,Life,North,2,0,26.88,1
47,5,2,1643,1,2222,Auto,South,0,0,17.86,0
69,2,2,4457,1,1058,Auto,West,3,0,24.75,0
42,6,4,3907,2,858,Auto,West,1,0,16.36,1
60,15,1,1139,1,2617,Health,North,0,1,6.6,1
57,10,1,672,1,377,Health,West,0,0,10.13,0
54,7,1,4854,0,0,Auto,East,0,0,11.45,0
51,5,1,4459,2,5630,Life,South,1,1,29.19,1
58,1,1,1016,1,1813,Health,East,0,0,0.17,0
44,13,2,1022,2,3926,Life,North,0,1,29.57,0
31,18,1,2417,0,0,Life,West,1,1,29.41,0
26,13,1,3386,1,1174,Home,South,0,0,29.88,0
57,18,3,2664,1,281,Health,North,1,0,14.3,0
55,5,1,2429,2,2090,Home,East,1,0,28.91,0
52,13,1,4445,0,0,Life,West,0,1,11.87,0
31,4,1,2709,1,817,Health,West,2,0,0.79,1
40,17,4,4283,0,0,Life,North,0,0,6.73,0
53,3,1,3090,3,7611,Auto,East,0,1,28.36,0
22,17,3,4576,0,0,Auto,West,1,0,0.41,0
26,11,3,1593,0,0,Life,East,0,0,16.38,0
66,4,1,4380,1,2799,Home,South,3,1,2.27,0
25,2,4,2994,2,784,Life,West,0,0,8.59,0
37,16,1,3079,0,0,Auto,South,0,1,2.64,0
45,18,1,2988,0,0,Home,West,2,1,25.79,0
37,8,3,3285,0,0,Home,North,0,0,17.73,0
23,3,2,3258,0,0,Home,West,1,1,27.06,0
49,9,2,2074,1,1630,Health,West,0,0,20.65,0
53,6,1,2873,1,2034,Life,East,1,1,29.13,0
48,10,2,4490,3,6510,Life,East,0,0,15.3,0
41,10,3,1593,2,2190,Health,South,0,0,19.16,0
45,13,1,1689,0,0,Auto,South,0,0,17.29,0
33,17,1,3189,0,0,Life,South,0,0,14.53,0
56,9,1,4595,2,4468,Auto,West,1,1,25.38,0
54,17,1,2375,0,0,Health,West,0,1,19.34,0
54,9,3,3906,0,0,Health,South,0,1,24.04,0
64,9,2,2287,1,2260,Auto,North,0,0,23.59,0
58,1,4,4432,2,3850,Health,North,1,0,5.73,0
33,2,1,2107,1,2587,Auto,West,1,1,19.5,0
24,16,2,4248,1,2097,Life,North,0,0,5.99,0
22,1,1,548,1,1999,Auto,North,0,1,17.5,1
54,10,1,4361,1,511,Life,South,0,1,20.32,0
61,18,1,2680,0,0,Life,North,1,0,29.92,0
31,8,1,3546,1,1327,Auto,North,0,1,0.92,0
64,11,2,3333,1,538,Home,West,0,1,2.74,0
65,2,4,1897,1,2547,Life,West,1,1,2.31,1
50,8,2,4326,0,0,Health,West,2,0,11.95,0
34,8,1,1331,0,0,Health,North,0,0,24.65,0
33,17,1,3197,1,1372,Life,South,1,0,25.32,0
52,15,1,3235,2,1934,Auto,East,0,0,22.11,0
67,17,2,581,1,2289,Auto,West,2,0,26.91,0
23,13,3,586,0,0,Life,West,0,1,9.69,0
56,19,4,2563,2,3784,Health,West,0,1,2.64,0
44,5,1,1321,0,0,Auto,South,2,0,1.74,0
38,12,2,662,0,0,Health,East,0,0,25.56,0
47,1,2,4239,0,0,Auto,East,0,1,21.91,0
29,5,2,2897,1,997,Life,West,0,0,20.96,0
50,8,2,2432,1,993,Auto,North,1,1,10.19,0
47,13,2,3228,0,0,Life,West,0,1,11.4,0
31,8,2,4035,0,0,Auto,West,2,1,28.74,0
47,11,1,3946,0,0,Health,North,0,1,1.91,0
55,1,3,3290,0,0,Life,North,0,1,23.21,0
62,13,1,3207,2,1528,Auto,West,0,0,9.29,0
28,19,2,4433,1,1820,Life,South,0,0,1.17,0
25,3,2,3885,1,1496,Health,South,1,0,22.28,1
66,17,2,1422,2,824,Health,North,1,0,9.93,0
32,5,4,2675,1,1148,Life,West,0,1,21.66,0
50,8,3,2082,1,1327,Home,South,0,0,21.23,0
57,14,3,1064,0,0,Auto,West,1,1,16.04,0
46,4,2,3758,0,0,Life,West,1,0,23.32,0
42,11,2,3097,2,4380,Auto,West,1,0,17.43,0
57,15,2,3000,1,1304,Health,South,1,1,8.6,0
31,19,3,1487,0,0,Home,East,0,0,22.02,0
58,7,2,4136,0,0,Health,West,2,1,17.67,0
30,19,4,723,0,0,Health,South,0,1,0.38,0
45,19,4,850,0,0,Health,East,0,0,27.05,0
56,11,2,2428,1,1865,Health,North,1,0,16.37,0
56,5,1,848,0,0,Health,South,2,0,26.06,0
69,5,1,4777,0,0,Life,East,1,1,26.48,0
57,8,3,1517,2,4974,Auto,South,0,1,13.35,0
39,10,1,2726,0,0,Health,East,0,0,15.23,0
60,6,3,4624,0,0,Home,East,0,1,12.47,0
53,15,2,2919,0,0,Life,South,2,0,13.48,0
45,16,2,2393,0,0,Auto,North,0,1,26.85,0
44,17,4,3540,0,0,Home,West,1,1,23.64,0
53,8,2,2568,0,0,Auto,East,0,1,3.8,0
58,8,2,1625,1,342,Home,West,1,1,18.31,1
33,9,2,3617,3,1413,Auto,North,2,0,29.88,1
34,2,1,4661,0,0,Health,West,0,1,17.87,0
44,15,3,4542,0,0,Auto,West,0,0,23.58,0
46,18,1,4933,1,2293,Life,South,1,1,23.07,0
56,3,4,2670,2,4684,Health,South,0,0,10.51,0
62,17,3,946,1,2311,Life,North,1,1,11.16,0
51,4,1,3158,0,0,Auto,South,1,1,21.72,0
38,4,2,3862,0,0,Health,East,0,1,15.0,0
41,14,2,3218,0,0,Health,North,1,0,17.12,0
69,9,1,3983,1,1632,Life,South,0,1,21.39,0
46,9,4,3444,1,2717,Home,South,2,1,23.33,0
43,18,1,4876,1,705,Life,North,0,1,8.15,1
34,10,1,1095,2,3818,Life,East,1,0,4.4,0
40,4,2,2486,0,0,Life,North,0,0,8.75,0
57,12,2,3250,1,283,Home,South,0,0,15.23,0
33,8,2,1574,2,516,Home,South,0,0,10.26,0
62,2,3,4469,0,0,Auto,North,1,0,17.05,1
40,13,2,4805,0,0,Home,East,0,0,1.6,0
33,16,2,4721,0,0,Life,East,2,0,15.29,0
30,2,1,4080,2,3104,Home,West,0,0,11.04,0
28,11,1,3507,1,1796,Life,East,1,0,16.04,0
49,10,1,1469,0,0,Life,North,1,1,12.68,0
35,15,1,1080,0,0,Life,East,0,0,8.53,0
52,17,2,3324,0,0,Health,East,0,0,27.12,1
40,8,1,4501,0,0,Auto,West,0,0,5.54,0
68,18,1,1711,0,0,Health,East,0,1,20.44,0
37,9,1,729,0,0,Home,West,0,1,27.74,0
26,8,4,4784,0,0,Health,West,1,0,16.16,0
56,14,4,3685,1,1996,Life,East,0,0,26.29,0
33,18,2,1001,1,605,Health,South,1,1,3.75,0
46,12,4,2632,0,0,Auto,North,2,0,14.81,0
42,19,3,548,0,0,Auto,North,0,0,13.71,0
57,14,2,4066,0,0,Health,East,1,0,0.24,0
44,17,1,3555,1,2089,Health,North,0,0,13.3,0
37,3,3,1188,2,3494,Life,North,2,1,11.07,0
60,7,2,886,1,1843,Auto,West,0,0,20.09,0
66,17,2,1469,0,0,Home,South,1,1,28.15,1
63,12,3,3960,1,1645,Life,North,3,1,2.57,1
60,9,2,1505,0,0,Home,South,0,0,9.82,0
35,15,2,3552,1,2441,Health,North,1,0,13.32,0
52,18,4,3917,1,2555,Life,South,0,0,13.66,0
26,13,1,2802,1,1868,Home,South,0,0,23.24,0
56,8,2,2783,0,0,Health,North,1,0,13.3,0
44,14,2,2107,0,0,Health,West,0,1,0.81,0
50,8,2,4866,0,0,Life,South,1,0,21.3,0
64,14,3,622,0,0,Life,South,0,1,26.54,0
32,7,1,1780,1,2013,Auto,North,2,0,15.42,0
39,12,2,4227,0,0,Auto,South,0,1,17.43,0
68,11,1,758,1,2962,Home,South,0,1,4.89,0
33,11,2,1447,1,807,Life,West,0,0,6.62,0
30,13,2,1024,0,0,Life,South,0,0,7.06,0
31,18,3,1387,2,2892,Life,West,0,0,12.92,0
65,2,1,707,0,0,Health,South,0,0,27.84,1
38,15,2,3882,1,2364,Home,South,0,0,15.65,0
59,18,1,3294,1,391,Auto,West,0,0,5.76,0
28,15,3,648,1,2865,Health,West,0,0,7.98,0
67,19,4,937,1,2217,Home,East,0,1,11.52,0
34,12,4,2702,0,0,Auto,South,0,0,18.7,0
61,13,3,4249,1,506,Life,West,3,0,13.2,0
63,11,3,3661,0,0,Auto,South,0,0,11.77,0
30,5,1,4401,0,0,Health,South,0,0,16.94,0
48,1,1,4953,1,2896,Life,South,0,0,7.26,0
23,3,2,3745,0,0,Life,North,2,1,2.37,0
26,19,3,3323,0,0,Health,East,0,0,0.73,0
50,7,4,3770,2,516,Health,North,1,0,7.54,0
58,12,1,985,0,0,Life,East,0,0,2.75,0
59,15,4,699,1,2800,Life,South,0,0,10.09,0
40,5,2,4966,3,5319,Auto,South,1,0,23.19,0
29,15,2,2482,2,2680,Home,West,0,1,21.49,0
69,8,1,1971,0,0,Auto,East,0,0,18.33,0
66,10,1,4843,0,0,Life,East,1,0,25.58,0
22,16,2,2811,0,0,Life,North,1,1,8.46,0
43,8,2,3873,1,2762,Life,East,2,0,26.55,0
38,1,1,2578,0,0,Life,South,1,0,11.98,0
28,12,2,2021,1,1141,Health,West,1,1,12.03,0
46,5,3,1104,2,1454,Auto,North,1,0,12.16,0
66,3,3,4348,0,0,Auto,West,0,1,2.94,0
25,1,4,3842,0,0,Auto,East,1,0,29.26,0
57,4,1,1917,2,3242,Life,East,1,0,4.16,0
27,8,1,4375,0,0,Health,North,0,0,10.23,0
52,3,2,3433,1,1750,Auto,East,0,0,9.58,0
40,10,2,1048,1,635,Health,West,0,0,2.24,0
65,2,1,1338,2,2078,Life,South,1,0,4.57,0
60,11,1,4315,1,559,Health,North,0,1,1.35,0
48,10,2,1347,0,0,Life,East,3,1,8.77,0
31,14,1,4754,1,1063,Life,West,0,0,26.0,0
47,7,1,4968,0,0,Auto,South,1,0,10.18,0
40,2,1,2772,1,1850,Home,East,0,1,3.71,0
60,9,1,3820,0,0,Life,North,1,1,19.37,0
24,16,2,3058,0,0,Life,East,1,0,29.9,0
66,13,2,4811,0,0,Auto,East,1,1,6.97,0
34,9,2,2496,0,0,Life,East,1,0,8.39,1
49,4,1,4173,3,8517,Health,South,2,0,29.16,0
41,10,1,2064,2,3996,Life,South,0,0,5.36,0
49,12,2,4518,3,7146,Life,East,0,1,15.34,0
29,17,2,2340,0,0,Auto,East,1,1,7.19,0
62,14,2,3791,0,0,Auto,North,0,1,27.97,0
60,14,1,3387,1,2005,Life,East,0,0,29.45,0
22,2,4,1226,0,0,Health,West,0,1,24.44,0
24,11,1,1744,2,2824,Life,West,0,0,9.44,0
34,16,2,3960,2,3498,Life,North,0,0,12.1,0
49,19,2,4218,0,0,Home,South,1,0,7.27,0
46,6,2,1565,0,0,Auto,East,0,0,26.72,0
54,19,1,782,0,0,Health,North,0,1,27.44,0
59,5,2,1581,0,0,Auto,South,0,0,12.57,0
27,4,3,4385,0,0,Auto,North,2,1,19.7,1
65,15,1,3381,0,0,Auto,South,3,0,4.97,0
66,4,1,3084,1,278,Life,East,1,0,13.05,0
53,10,1,3470,0,0,Life,North,0,1,18.94,0
66,3,3,1652,2,3002,Auto,East,2,0,11.56,0
68,5,1,3997,2,1746,Health,North,1,1,10.73,0
42,6,4,1447,1,2559,Home,South,1,1,0.03,0
37,8,2,2217,1,403,Auto,North,1,0,24.13,1
42,7,4,566,1,1184,Home,West,0,1,26.68,0
32,10,4,1136,1,2175,Life,West,0,0,29.08,0
58,6,2,813,2,432,Home,North,0,1,21.58,0
57,14,1,3897,1,675,Health,West,0,0,16.46,0
56,4,1,1064,1,1216,Home,East,1,0,8.08,0
40,13,1,2101,2,818,Life,West,2,0,29.98,0
41,17,2,1325,0,0,Health,West,1,0,17.69,0
39,7,1,4170,0,0,Auto,East,0,1,20.43,0
68,4,1,1525,1,1529,Health,East,0,1,20.47,0
62,14,2,2751,1,2305,Health,South,0,1,25.36,0
35,3,4,1304,0,0,Home,East,0,0,0.29,0
36,5,1,2951,1,1431,Health,North,0,1,6.61,0
52,16,1,1891,0,0,Auto,West,1,0,19.97,0
22,4,1,1735,1,2067,Life,South,0,0,26.85,0
24,2,4,4532,0,0,Auto,East,3,0,20.56,1
37,18,2,3780,1,2828,Auto,West,0,0,12.4,0
44,19,1,4049,2,4152,Health,North,1,1,10.85,0
32,19,1,4700,0,0,Life,North,0,0,22.14,0
33,17,1,4641,1,1306,Health,South,0,0,22.24,0
31,14,1,1854,0,0,Life,North,1,1,18.21,0
53,19,4,2336,1,1267,Life,West,1,1,8.74,0
37,13,3,3392,1,1706,Auto,East,0,1,27.75,0
29,12,2,2996,0,0,Life,North,0,0,16.56,0
59,6,3,3083,0,0,Life,East,0,1,23.71,0
33,4,1,3058,3,8238,Auto,West,1,0,6.43,0
45,19,2,4118,0,0,Life,West,2,0,10.32,0
49,16,3,2059,0,0,Health,East,0,1,26.24,0
29,13,1,2007,1,493,Life,West,0,1,1.5,0
49,4,3,4571,1,1371,Health,South,2,1,15.37,1
57,17,1,2563,1,2218,Auto,North,0,0,14.45,0
47,1,1,4142,1,371,Auto,South,1,1,22.54,0
29,18,1,2500,1,1786,Life,South,0,1,8.46,0
49,17,2,1794,0,0,Life,South,0,0,6.57,0
49,15,2,4565,1,1343,Life,East,0,0,27.78,0
58,11,4,3252,0,0,Health,East,0,1,17.15,0
62,13,2,2253,2,3920,Home,West,0,0,3.14,0
57,1,3,4710,0,0,Life,East,1,1,5.79,0
48,17,3,2103,1,2388,Life,West,1,0,29.96,1
38,6,1,1822,0,0,Life,East,1,1,5.87,0
30,4,2,2941,1,388,Auto,West,1,1,18.31,0
54,16,1,1598,0,0,Auto,North,0,0,12.6,0
41,15,2,2005,0,0,Auto,West,0,1,26.57,0
34,15,4,1626,0,0,Home,North,1,0,22.66,0
49,6,1,796,2,890,Health,West,0,0,17.91,0
69,15,2,3549,1,2995,Life,East,0,0,0.32,0
50,14,2,2725,2,5154,Life,East,0,0,26.39,0
34,11,2,4854,2,5518,Auto,North,0,1,13.34,0
67,7,1,4287,1,1049,Auto,South,0,1,27.95,0
56,9,1,2596,0,0,Health,South,1,0,14.87,0
27,16,1,4109,0,0,Auto,West,2,0,20.83,0
39,5,1,2708,3,4608,Auto,East,2,0,2.08,0
26,10,1,675,0,0,Home,South,2,1,22.35,1
68,18,2,3002,2,736,Health,East,2,1,10.14,0
46,3,1,4499,1,2427,Auto,East,0,1,10.54,0
23,13,3,2167,1,1851,Life,East,0,1,3.56,0
31,11,2,4871,0,0,Auto,West,1,0,4.41,0
51,17,2,3045,2,3418,Home,North,0,0,5.57,0
66,13,2,1175,0,0,Health,West,0,1,9.85,0
26,6,2,2323,1,2544,Auto,South,0,1,26.76,0
54,17,4,1856,0,0,Auto,North,0,1,11.05,0
22,13,1,3572,1,2607,Life,South,0,1,21.73,0
39,19,1,3759,1,2364,Health,North,0,1,2.48,0
53,19,3,1046,1,556,Life,North,0,1,17.73,0
68,10,1,2583,0,0,Home,West,2,1,14.46,0
32,3,1,2540,0,0,Auto,East,0,1,29.34,0
42,14,1,2252,2,2822,Life,East,2,0,25.39,0
47,19,1,2115,3,4512,Life,North,0,0,13.64,0
46,5,2,2349,1,1734,Health,West,0,0,23.25,1
43,5,1,3142,0,0,Health,South,0,1,5.79,0
48,17,3,2100,2,4326,Life,South,0,0,16.87,0
34,10,3,3896,0,0,Health,East,1,0,2.24,0
54,5,2,4902,2,5538,Health,East,1,0,10.44,0
55,4,2,4105,1,398,Life,South,1,1,6.78,0
62,6,3,4299,0,0,Auto,South,2,0,21.57,1
56,4,1,1118,1,1273,Home,West,0,0,14.7,0
22,7,3,1632,0,0,Auto,South,0,0,22.53,0
42,7,3,2615,1,2006,Auto,West,0,1,15.46,0
69,18,2,2839,0,0,Life,East,0,0,2.59,0
27,3,2,3239,2,5834,Life,South,0,0,22.06,0
49,1,1,4776,1,230,Life,East,0,1,25.0,0
38,4,2,1987,0,0,Auto,North,0,0,27.11,0
26,6,3,2057,2,1718,Home,North,0,0,17.16,0
52,9,1,2613,0,0,Auto,North,0,1,22.61,0
26,14,3,1544,1,2617,Home,South,1,0,22.56,0
59,12,1,2931,0,0,Auto,East,1,1,4.67,0
24,4,1,2082,0,0,Health,South,1,0,4.93,0
44,12,1,1808,1,1329,Health,East,1,0,2.13,0
58,10,1,1101,0,0,Life,West,0,1,9.6,0
58,7,2,2120,2,4954,Life,South,0,1,14.21,0
31,3,1,600,0,0,Auto,North,0,0,29.94,1
31,14,4,4771,1,570,Health,West,1,0,12.93,1
40,10,2,737,0,0,Health,East,1,1,21.79,1
38,16,1,4525,1,1668,Health,South,0,1,20.8,0
42,16,2,3418,0,0,Life,East,0,0,6.13,0
35,10,3,3042,0,0,Health,East,3,1,1.76,1
30,13,2,2503,0,0,Health,South,0,0,16.38,0
67,6,1,2037,0,0,Health,South,1,0,21.01,0
22,12,3,1254,1,1351,Auto,East,0,0,29.95,0
66,9,3,3868,0,0,Health,East,0,0,10.76,0
34,13,1,2758,0,0,Auto,West,1,0,26.89,0
25,4,1,4165,2,5532,Home,North,1,0,11.46,0
22,11,2,4735,1,1481,Home,East,1,0,20.68,0
61,18,1,1040,0,0,Home,North,0,0,17.95,0
53,11,3,769,0,0,Life,West,0,0,1.59,0
55,4,1,3960,0,0,Life,North,1,0,2.35,1
49,18,4,3908,0,0,Life,North,0,1,0.62,0
52,1,2,1005,1,615,Life,West,0,0,11.13,0
29,7,1,1629,1,2804,Home,East,2,1,22.37,1
60,6,1,2579,0,0,Auto,North,0,0,5.18,0
47,15,2,3645,0,0,Life,East,0,0,18.18,0
55,18,3,3742,1,2846,Life,East,1,0,8.66,0
24,11,3,861,1,2578,Life,South,3,1,23.91,0
33,15,1,4220,0,0,Auto,East,0,0,23.95,0
22,16,1,1956,0,0,Auto,East,0,0,23.26,0
65,7,1,4567,0,0,Home,North,1,1,15.75,0
26,10,2,4695,0,0,Home,East,1,1,8.54,0
51,12,1,2181,0,0,Life,East,1,1,24.28,0
51,14,2,1552,1,1345,Health,South,0,0,5.58,0
38,5,2,3009,1,1110,Life,South,0,0,8.69,0
69,18,4,1181,1,1554,Health,North,1,1,5.52,0
68,5,1,4432,0,0,Home,North,2,0,20.23,1
44,3,1,2629,0,0,Health,South,2,1,20.59,0
36,5,2,4516,2,1222,Auto,South,0,1,19.58,1
58,17,2,3802,0,0,Health,West,0,1,12.47,0
42,19,1,1219,1,352,Life,East,0,0,3.01,0
35,19,4,574,1,1435,Life,North,3,0,27.34,0
23,12,3,1793,0,0,Health,North,1,1,15.23,0
32,9,1,2422,1,530,Auto,East,0,0,12.21,0
60,1,1,4657,0,0,Life,East,0,0,17.66,0
59,18,2,819,1,1154,Auto,North,0,0,5.78,0
55,4,3,2649,1,2801,Auto,South,0,0,3.98,0
59,10,1,1952,1,1451,Health,South,1,0,12.17,0
55,7,2,2055,2,786,Auto,East,1,1,6.82,0
39,1,2,4707,2,1458,Health,North,0,0,7.33,1
51,17,1,3532,0,0,Auto,East,0,0,26.78,0
36,2,2,960,0,0,Auto,South,2,0,15.92,0
48,11,4,1386,1,838,Home,West,0,0,14.5,0
55,9,1,4033,2,3620,Health,West,0,1,20.68,0
59,7,1,4436,2,3594,Health,South,2,1,28.55,1
54,17,2,1615,1,2725,Life,East,1,0,3.37,0
45,17,3,1575,1,2727,Life,West,1,1,25.01,0
36,2,4,4376,3,7605,Auto,South,0,0,17.52,1
51,6,2,2424,0,0,Home,North,0,1,4.38,0
63,14,3,1426,1,2245,Health,East,0,0,8.91,0
38,6,2,2781,1,1901,Life,East,0,0,14.47,0
26,2,2,1555,1,2942,Life,West,1,0,20.74,0
50,1,1,1041,1,739,Health,East,0,1,7.28,0
25,10,1,2661,0,0,Life,West,1,0,16.05,0
31,5,1,2751,0,0,Life,West,0,1,20.54,0
38,2,2,1552,0,0,Auto,South,0,0,13.46,0
31,16,1,3244,1,2162,Life,West,3,1,25.89,0
38,2,4,4369,1,666,Health,North,0,0,26.08,1
41,10,1,4981,0,0,Auto,East,0,1,14.12,0
45,2,1,4657,0,0,Life,West,0,0,29.19,0
26,16,2,2060,0,0,Auto,East,0,0,2.27,0
55,16,2,4262,0,0,Auto,West,0,1,0.1,0
27,19,1,1664,2,5110,Auto,South,0,1,11.42,0
23,7,1,3222,2,4310,Health,North,1,1,18.03,0
34,12,4,2858,0,0,Health,East,1,0,18.88,0
64,15,1,970,0,0,Auto,South,0,0,14.29,0
64,8,1,1916,2,3286,Auto,East,0,0,3.75,0
69,6,3,1968,0,0,Health,South,1,0,5.11,0
32,10,1,1308,0,0,Life,North,0,0,25.56,0
68,3,2,671,2,2086,Life,West,1,0,26.04,0
44,19,1,4626,1,2497,Life,South,1,1,20.22,0
37,17,1,4642,2,3038,Health,East,0,1,19.93,0
52,7,1,4725,1,383,Life,East,1,0,17.93,0
32,4,1,2899,0,0,Health,South,2,0,6.09,0
37,14,1,2145,0,0,Auto,North,1,0,12.85,0
29,15,1,557,0,0,Life,North,0,1,20.88,0
25,8,3,1629,0,0,Auto,West,0,0,16.12,0
61,15,1,1853,0,0,Auto,West,2,1,0.56,0
25,14,2,1267,1,826,Life,East,0,0,28.61,0
46,9,3,4395,0,0,Auto,East,1,0,25.34,0
24,8,2,1182,0,0,Auto,West,0,1,7.82,0
53,17,1,3954,1,1707,Health,West,0,1,18.49,0
24,2,4,2508,0,0,Life,West,1,0,27.7,0
48,3,1,3642,3,2922,Health,South,1,0,2.88,0
50,8,1,2290,0,0,Home,West,1,1,15.09,0
53,12,3,1977,1,2063,Auto,South,2,0,13.69,0
40,1,2,1385,0,0,Life,South,0,1,12.31,1
42,10,2,4406,0,0,Auto,West,0,1,25.07,0
26,3,1,4992,1,2030,Health,North,2,1,11.42,0
39,6,2,2038,2,820,Health,North,0,0,1.91,0
49,7,1,2573,2,3072,Auto,East,1,0,1.98,0
63,18,4,812,0,0,Health,West,0,1,1.28,0
43,11,1,1310,1,1560,Auto,East,0,0,12.27,0
42,19,3,2735,2,1378,Auto,West,0,0,21.55,0
27,5,2,3357,2,3252,Auto,East,0,1,6.11,1
22,19,3,3263,0,0,Life,South,2,0,19.39,0
26,11,2,2532,2,780,Auto,West,1,1,20.61,1
62,12,2,2007,1,2918,Home,North,1,1,7.66,0
33,10,1,3070,1,1042,Life,West,0,1,18.02,0
47,8,1,2394,1,534,Health,East,0,1,20.55,0
67,9,1,3205,2,3684,Life,East,0,0,14.0,1
55,4,3,1096,0,0,Auto,East,0,0,10.1,0
35,5,3,2647,0,0,Auto,East,0,1,18.57,0
47,8,2,1115,1,261,Life,East,0,0,29.34,0
66,9,1,1447,0,0,Home,East,0,1,12.81,0
48,15,1,4873,1,1369,Life,North,0,1,11.75,0
30,15,2,4264,0,0,Auto,East,0,0,13.93,0
47,16,2,2513,1,818,Health,North,0,1,2.29,0
68,14,3,4197,1,1883,Health,West,0,0,16.59,0
43,8,4,990,2,5890,Life,South,0,0,9.86,0
68,18,1,4850,0,0,Life,North,2,1,3.64,0
51,10,2,2928,0,0,Auto,West,0,1,13.99,0
64,6,2,1041,0,0,Health,South,2,0,0.1,0
69,12,1,1787,1,1477,Life,North,0,0,12.05,0
38,2,1,2133,0,0,Life,North,2,0,3.17,0
47,7,1,3426,0,0,Life,West,0,0,0.73,0
57,16,3,1852,0,0,Auto,East,1,0,24.73,0
22,3,2,4876,1,2260,Auto,North,0,0,27.49,0
29,13,2,1798,1,350,Life,North,1,1,6.23,0
56,3,4,4467,2,2546,Health,West,0,1,16.18,0
36,18,3,4923,2,2876,Life,East,0,0,8.34,0
68,11,1,2758,1,1190,Home,South,1,0,14.81,0
43,8,2,2573,1,2891,Home,East,0,1,13.1,0
35,6,2,1201,3,1713,Auto,East,2,1,8.07,0
47,1,3,2419,1,1336,Home,West,0,1,21.01,0
49,1,2,2960,2,4998,Auto,East,0,0,3.79,0
44,8,2,4762,2,4600,Auto,West,1,0,1.59,0
35,5,1,4764,1,1353,Health,South,0,0,23.03,0
45,16,3,4824,0,0,Health,North,0,1,19.98,0
23,11,1,866,0,0,Life,North,1,0,14.96,0
66,5,1,1027,1,1280,Health,West,1,0,14.03,1
47,4,1,4218,0,0,Auto,West,2,0,14.92,0
35,6,1,4109,1,397,Life,East,0,0,13.11,1
28,14,1,4435,1,2394,Life,East,0,1,11.79,0
24,19,3,2653,0,0,Health,North,0,0,14.99,0
68,9,4,2408,1,1800,Life,North,0,1,15.86,0
44,12,1,3512,1,2970,Health,North,1,0,20.76,0
67,11,1,4728,1,883,Home,West,0,0,21.34,0
64,14,1,3522,0,0,Auto,South,0,0,11.33,0
68,16,1,3983,0,0,Auto,South,0,0,12.41,0
66,1,1,3220,0,0,Health,West,1,0,11.21,0
39,13,4,2270,0,0,Health,East,2,1,16.1,0
59,13,1,4613,0,0,Life,South,1,1,13.6,0
56,2,2,2277,1,2759,Home,East,0,0,26.69,0
36,4,1,4712,0,0,Life,North,1,0,20.89,1
46,6,3,1297,0,0,Life,North,1,1,26.96,0
58,5,2,3715,1,1971,Auto,East,0,0,21.27,0
49,3,4,4288,2,4420,Life,North,0,0,29.13,0
31,1,3,3476,1,2811,Health,West,0,0,19.07,0
60,4,1,4237,1,2759,Life,East,0,1,28.91,0
38,2,1,2211,0,0,Life,East,1,0,4.75,0
60,5,2,1252,0,0,Life,East,0,0,1.57,0
43,3,1,2969,1,304,Life,South,0,0,17.37,0
47,9,2,4469,0,0,Auto,East,2,0,29.5,0
65,6,1,1892,1,1006,Auto,East,1,0,12.53,0
46,18,1,3105,1,1264,Health,East,1,1,6.36,0
38,6,2,1177,2,2176,Home,South,0,1,15.65,0
34,19,2,605,1,2924,Life,North,0,0,19.46,0
41,12,3,3787,1,520,Health,South,0,0,9.46,0
46,11,1,2446,1,2582,Life,West,0,1,21.44,1
25,2,2,1595,1,2511,Auto,East,0,1,29.25,0
31,15,1,2282,2,3400,Health,West,0,0,26.91,0
24,12,1,3757,2,5198,Auto,South,0,0,8.75,0
62,12,2,2497,0,0,Auto,North,0,0,9.8,0
66,9,1,2061,1,1996,Health,North,0,0,11.15,1
39,2,1,4506,0,0,Auto,East,1,0,11.84,1
68,3,1,2175,0,0,Home,North,1,1,3.01,0
57,12,1,1622,0,0,Life,South,0,0,22.86,0
68,16,1,4481,0,0,Health,South,0,1,10.96,0
43,1,1,1801,0,0,Auto,North,0,1,26.39,0
55,3,1,1443,2,3408,Auto,East,0,1,27.81,1
68,2,1,1445,1,2159,Life,East,0,0,0.73,0
29,9,2,1100,1,204,Health,South,2,0,29.66,0
61,19,1,3200,0,0,Health,North,3,1,21.3,0
65,15,1,1917,4,5472,Health,South,1,1,15.61,0
40,18,1,2024,1,2598,Life,South,2,1,11.69,1
63,11,2,4266,0,0,Home,West,1,0,15.56,0
62,16,3,750,1,2712,Auto,South,0,0,9.74,0
58,17,3,2044,1,547,Health,East,3,1,18.68,0
27,5,2,578,0,0,Auto,North,0,0,2.79,0
47,12,2,3623,3,972,Home,North,1,0,18.63,1
55,11,2,1397,0,0,Life,West,0,0,8.26,1
66,15,2,725,0,0,Life,West,0,0,0.53,0
27,3,1,1709,0,0,Health,East,1,0,16.58,0
58,1,1,2678,0,0,Auto,West,0,0,17.35,0
54,16,1,3179,1,1376,Life,South,0,0,12.8,0
43,2,4,3385,1,252,Home,South,0,1,2.17,0
42,2,2,3306,2,696,Health,East,0,0,26.8,0
27,3,2,1203,0,0,Health,North,3,0,18.34,0
27,8,1,3044,2,2138,Life,East,1,1,3.47,0
69,15,2,2870,0,0,Life,West,0,0,15.33,0
25,7,1,3781,0,0,Auto,North,0,0,14.92,0
51,6,1,828,2,5398,Home,North,1,1,1.81,0
32,9,3,4728,1,2330,Health,North,0,1,18.21,0
51,1,2,620,0,0,Home,West,0,0,24.25,0
52,8,1,1464,0,0,Auto,South,0,0,22.47,0
45,3,3,4724,0,0,Health,South,2,1,6.09,1
30,4,1,4175,1,489,Auto,West,0,0,25.87,0
24,15,4,2576,0,0,Health,West,0,1,10.28,0
52,6,1,832,2,1076,Health,East,0,1,28.4,0
61,15,1,3868,1,2958,Life,East,0,1,2.15,0
58,3,1,1816,1,1893,Auto,South,0,0,14.59,0
57,14,1,1696,1,2068,Life,West,0,0,17.91,0
45,14,1,3670,0,0,Auto,East,0,1,7.43,0
52,4,2,1929,1,1158,Auto,West,0,0,23.14,0
27,12,3,855,2,2860,Life,West,0,0,18.81,0
23,17,3,4734,2,5866,Health,South,1,1,0.54,0
41,7,1,2026,1,1488,Health,South,2,0,18.25,0
49,9,2,4397,0,0,Health,West,0,0,14.74,0
32,3,1,528,0,0,Life,North,0,1,5.88,0
25,13,1,1513,0,0,Health,North,0,0,29.87,0
36,15,2,3202,1,730,Life,West,1,0,26.91,0
27,18,2,1327,1,1123,Life,South,1,0,8.78,0
51,19,1,4946,0,0,Life,North,0,1,16.23,0
59,1,1,2524,1,2351,Life,South,1,0,9.5,0
23,6,4,798,2,880,Auto,North,1,0,23.26,0
36,2,1,2365,0,0,Home,West,2,1,27.91,0
32,14,2,4516,3,6288,Health,East,0,1,10.76,1
29,6,2,2611,2,2730,Health,East,0,0,24.17,1
47,14,1,1254,0,0,Life,South,0,1,14.95,0
66,4,1,1269,0,0,Health,South,2,0,11.9,1
65,8,1,4235,0,0,Life,North,1,1,28.15,0
26,3,3,1738,0,0,Auto,West,0,0,15.31,0
27,19,2,2713,0,0,Home,North,0,0,14.02,0
47,14,2,2406,0,0,Life,West,0,1,20.17,0
25,17,4,2064,1,774,Auto,West,0,0,7.84,0
40,8,3,1718,1,1111,Life,South,0,0,9.74,0
41,14,2,1857,0,0,Health,East,0,0,27.96,0
54,6,2,4339,0,0,Life,East,0,1,20.36,0
41,16,2,1960,0,0,Health,South,1,0,24.8,0
33,19,2,4485,2,4908,Life,East,0,0,8.13,0
68,14,2,1916,1,2916,Health,South,0,0,16.31,0
22,19,2,3353,2,1556,Health,North,0,0,29.14,1
47,3,1,1928,2,1172,Health,West,1,0,9.56,0
35,10,2,4878,0,0,Auto,East,0,0,4.81,1
59,19,1,4974,2,4130,Home,East,2,0,15.33,0
58,9,1,4793,1,1593,Health,North,0,0,11.63,0
32,13,1,3562,1,1576,Life,North,2,1,4.79,0
57,7,2,3571,0,0,Life,East,2,1,26.66,0
34,14,2,1055,2,3118,Home,East,0,1,29.72,0
64,9,1,855,1,1105,Health,South,2,0,17.06,1
24,19,2,2063,1,1512,Health,South,0,1,23.24,0
54,15,2,4000,2,2324,Life,East,0,0,25.77,0
27,14,1,1540,2,2328,Health,South,0,1,21.03,0
31,6,2,3186,0,0,Life,North,0,0,1.32,0
26,4,3,4974,2,4352,Home,West,1,0,4.73,0
44,8,3,3053,0,0,Home,South,1,0,2.13,0
31,17,2,2279,0,0,Life,West,0,0,0.3,0
65,9,2,575,1,863,Health,South,0,1,9.18,0
23,1,1,4826,1,1024,Life,East,0,1,11.77,0
34,14,1,3819,0,0,Health,South,1,1,7.23,0
61,11,1,2849,1,2647,Home,West,0,1,1.94,0
23,3,4,3273,1,1191,Health,West,2,0,15.9,0
41,9,1,2762,2,2664,Health,East,0,0,8.2,0
22,14,1,3729,0,0,Life,West,0,1,23.88,0
58,9,3,2616,0,0,Auto,East,2,0,0.24,0
30,4,4,892,0,0,Auto,East,0,1,25.28,0
38,4,3,1608,2,2566,Health,West,0,0,28.64,0
30,8,1,4862,1,634,Life,North,0,0,21.48,0
32,2,1,1110,1,220,Health,West,0,1,22.01,0
36,9,1,3275,0,0,Home,West,3,0,28.01,0
45,14,1,4498,0,0,Health,South,0,0,6.27,0
59,9,1,1172,1,2125,Health,West,0,0,29.84,1
56,16,2,4177,0,0,Health,South,0,1,23.2,0
51,17,4,530,0,0,Auto,South,0,0,21.8,1
52,16,1,1900,1,2945,Health,West,1,0,10.83,0
26,12,2,4571,0,0,Life,East,2,0,16.37,0
65,3,2,1116,0,0,Health,North,2,0,19.62,0
35,11,1,3286,0,0,Auto,West,0,0,18.61,0
32,14,2,1370,1,1554,Auto,West,0,0,21.15,0
30,18,1,4696,0,0,Home,East,0,1,2.47,0
55,5,1,4104,1,625,Health,South,1,1,10.67,0
33,16,2,1912,0,0,Life,East,0,0,13.02,0
56,5,1,3239,1,1229,Home,East,0,1,7.82,0
56,3,4,1440,0,0,Health,South,2,0,5.18,0
22,12,1,840,0,0,Auto,West,0,0,4.17,0
61,1,2,3408,1,347,Auto,East,0,0,10.99,0
43,9,2,4633,1,604,Health,East,0,0,14.8,0
50,9,1,1159,0,0,Life,West,0,0,1.89,0
29,4,1,2533,0,0,Auto,West,0,0,28.39,0
32,3,2,2060,2,4674,Auto,North,0,1,22.96,0
62,17,3,3957,1,1023,Health,East,0,0,21.93,0
58,2,3,2156,0,0,Health,North,0,1,5.19,0
35,1,2,3475,0,0,Life,South,1,0,18.11,0
51,8,3,1549,0,0,Life,West,0,0,15.89,0
56,13,2,953,1,1187,Health,West,1,0,29.47,0
42,15,2,2204,0,0,Health,North,0,0,22.43,0
58,8,2,3284,0,0,Home,East,0,1,17.27,0
26,12,2,1318,1,2375,Auto,South,2,1,25.52,0
40,12,3,512,1,2668,Auto,East,0,0,4.65,0
35,14,1,4479,1,1278,Health,East,0,1,0.46,0
47,15,3,1420,0,0,Life,North,2,1,20.71,1
25,15,2,2918,0,0,Home,East,0,1,2.95,0
46,9,1,1814,0,0,Health,North,0,0,3.46,0
66,19,1,4177,0,0,Life,West,0,1,22.34,0
63,8,1,2517,1,1722,Health,West,1,0,8.12,0
46,19,2,1728,0,0,Home,West,2,1,18.86,0
39,6,3,2934,1,2638,Home,South,0,0,27.52,0
61,19,1,3368,2,1632,Life,South,0,0,9.49,0
29,4,3,3015,2,696,Home,East,0,0,6.51,0
60,7,3,1938,0,0,Life,North,0,0,3.2,0
61,4,1,4664,0,0,Life,East,0,1,3.91,0
35,12,3,4043,0,0,Auto,West,0,0,1.87,0
53,13,4,3675,1,246,Home,East,0,0,2.63,0
59,3,2,2281,1,825,Health,East,0,1,12.96,0
54,12,3,2763,2,4020,Health,East,2,0,9.63,0
44,2,4,2469,1,2454,Auto,West,0,0,21.2,0
36,2,2,711,2,1304,Auto,North,0,0,26.11,0
54,9,1,1007,2,3236,Home,East,0,0,23.54,0
46,1,3,831,0,0,Health,West,2,0,15.92,0
38,8,2,1050,1,2955,Home,South,1,0,3.07,0
54,6,2,1441,0,0,Home,North,1,1,21.29,1
68,6,1,1227,2,5846,Life,West,0,1,10.88,0
23,18,3,3362,0,0,Auto,East,1,0,2.57,0
35,17,1,3743,0,0,Health,West,0,0,25.27,0
61,12,4,1148,0,0,Health,North,0,0,10.15,0
61,6,1,3237,0,0,Auto,East,0,1,6.55,0
60,8,1,3247,1,285,Life,South,1,0,26.14,0
27,19,2,1509,1,1877,Health,South,1,1,27.06,0
27,10,1,2050,1,2182,Home,South,2,0,10.17,0
24,1,2,1303,0,0,Life,West,2,1,10.64,1
28,13,4,4580,0,0,Health,North,0,0,17.39,0
29,17,3,4809,1,641,Home,South,0,1,22.0,0
63,3,1,4764,0,0,Health,East,0,0,1.89,0
36,8,1,3901,0,0,Health,East,2,1,17.8,0
68,14,3,4741,0,0,Health,East,0,0,28.58,0
50,3,4,3661,1,1406,Health,West,2,0,7.86,1
54,16,2,4655,0,0,Auto,North,0,0,27.26,0
51,13,2,1027,0,0,Auto,North,0,1,28.51,0
60,17,1,3798,0,0,Health,South,0,1,8.07,0
48,13,3,1523,0,0,Auto,North,0,0,22.63,0
57,6,2,4234,1,1732,Health,East,2,0,7.16,0
50,17,1,932,0,0,Health,East,0,0,22.13,0
59,14,1,1676,0,0,Auto,West,0,1,23.92,0
54,17,3,900,2,2184,Auto,East,0,1,7.42,0
58,8,1,2604,0,0,Health,North,0,1,21.48,0
48,11,1,3550,0,0,Life,East,0,0,24.36,0
54,1,2,2733,1,1114,Life,South,0,1,10.76,0
25,7,1,2945,1,1638,Life,West,2,1,5.03,1
43,17,1,3335,1,2731,Life,West,0,1,2.76,0
23,10,3,3013,2,3320,Auto,North,0,0,17.26,0
31,11,3,2273,0,0,Life,East,0,1,29.34,0
26,9,3,1596,0,0,Auto,East,0,0,24.69,0
31,9,3,1428,0,0,Life,North,0,0,13.08,0
54,5,2,2451,0,0,Health,North,0,0,16.1,0
59,17,3,2473,1,2458,Health,South,0,0,8.39,0
34,9,1,2054,1,566,Life,North,1,0,4.89,0
52,17,2,3278,1,1793,Home,East,0,0,14.46,0
68,19,4,4921,1,285,Life,South,1,0,13.91,0
57,7,1,1494,0,0,Health,West,2,1,15.66,0
66,9,1,1112,1,1857,Auto,East,0,0,28.58,0
45,7,2,3093,1,2241,Auto,West,0,0,18.12,0
36,13,1,1095,1,2693,Life,West,0,0,18.17,0
50,11,1,1341,1,819,Health,West,0,1,3.84,0
29,14,3,4939,2,5102,Auto,East,1,1,29.89,0
26,19,4,1358,0,0,Home,West,1,0,23.19,0
50,11,2,944,1,1103,Home,East,0,1,26.32,0
68,13,1,2288,0,0,Health,West,0,0,12.43,0
25,14,1,4817,0,0,Home,North,0,1,15.06,1
33,13,3,3954,1,2294,Life,North,0,0,15.66,0
66,1,2,4452,1,1963,Life,East,1,0,5.82,0
23,8,1,1530,0,0,Auto,West,0,0,20.68,0
48,12,2,1795,2,2968,Life,West,0,0,27.09,0
52,19,1,2563,1,889,Life,West,1,0,4.91,0
57,12,2,1947,1,1247,Life,North,0,1,2.59,0
57,8,3,2545,0,0,Health,West,0,1,22.15,0
47,8,2,3350,0,0,Auto,West,0,0,8.2,0
64,13,2,4324,0,0,Auto,East,0,0,18.72,0
48,12,1,2568,1,611,Life,West,1,0,20.87,0
26,16,2,4261,2,4392,Health,North,2,0,9.66,0
41,1,2,2775,0,0,Home,West,0,1,24.45,0
32,13,1,2308,1,1309,Auto,North,2,0,16.5,1
31,7,2,1811,0,0,Health,North,0,1,26.07,1
61,5,1,4555,1,629,Home,South,1,0,22.9,0
59,8,3,2951,0,0,Auto,North,2,0,26.06,1
27,14,2,1589,1,230,Life,South,0,0,0.6,0
29,13,4,2172,1,802,Life,South,1,0,7.31,0
44,15,1,4175,0,0,Life,West,0,0,2.7,0
68,17,3,4854,0,0,Auto,South,0,1,13.26,0
47,15,2,2503,0,0,Life,East,1,0,26.7,0
67,18,3,4698,0,0,Health,North,2,0,14.03,0
64,18,1,1624,1,611,Life,East,2,1,25.49,0
33,2,2,1721,1,727,Home,South,1,0,9.82,0
47,4,3,3360,1,509,Health,West,0,1,10.19,0
34,1,1,2773,1,2011,Home,North,0,0,26.87,1
61,4,1,3490,2,3122,Home,East,3,0,12.77,1
39,18,2,3010,1,2921,Life,West,0,1,23.69,0
46,5,2,736,2,4476,Health,South,1,1,7.1,0
54,19,1,1644,0,0,Life,West,0,0,28.46,0
68,15,1,3753,0,0,Home,East,1,0,17.24,0
61,8,1,4282,1,862,Health,West,0,1,22.78,0
64,17,3,1266,0,0,Life,East,3,0,2.69,0
33,1,2,3181,1,1122,Life,West,0,0,14.78,0
65,12,3,3165,0,0,Health,North,2,1,27.03,0
57,19,4,2259,0,0,Home,West,0,1,26.31,0
69,15,2,3991,0,0,Auto,North,0,1,1.4,0
25,9,1,3315,1,1401,Home,East,1,1,9.11,0
26,7,1,4013,1,1135,Health,North,1,1,13.3,0
58,2,1,995,2,1162,Life,West,2,1,5.17,0
29,9,4,3680,1,1482,Home,North,0,1,21.9,0
63,10,2,4430,1,1412,Life,East,0,0,5.54,0
49,2,1,2572,0,0,Home,West,0,0,10.4,0
52,19,1,837,1,1601,Health,North,0,1,19.9,0
30,11,2,4449,1,801,Life,North,3,1,14.46,0
50,13,2,3608,1,2590,Auto,South,0,0,22.16,0
35,10,1,2317,0,0,Home,North,0,0,28.84,0
61,14,4,636,0,0,Home,South,0,1,3.5,0
62,18,2,3055,0,0,Life,East,0,0,21.29,0
43,19,1,4915,0,0,Life,South,0,0,6.91,0
32,9,3,1415,1,813,Health,East,0,1,12.43,1
44,7,1,4038,0,0,Auto,North,0,1,0.99,0
22,3,4,2600,0,0,Auto,North,0,1,4.08,0
67,6,4,3407,2,5700,Life,South,3,1,9.59,0
58,2,2,3414,1,376,Home,East,0,0,10.26,0
42,6,3,2482,0,0,Auto,North,0,1,26.99,0
47,3,1,4370,0,0,Auto,South,3,0,22.25,1
67,16,4,4067,2,3528,Health,South,1,1,29.17,0
57,8,2,1498,0,0,Health,South,3,0,17.97,1
44,2,2,2647,0,0,Home,North,3,0,7.25,0
22,17,4,895,0,0,Health,East,0,0,9.83,0
61,9,4,4098,1,506,Home,North,1,0,9.6,0
36,12,3,1438,1,950,Home,West,0,1,9.79,0
42,3,1,2136,3,3204,Auto,West,0,1,20.19,0
68,11,4,3224,1,413,Health,North,1,1,15.92,0
30,1,2,3010,1,1817,Life,East,0,1,11.56,0
30,13,4,2149,4,7452,Life,South,1,0,4.47,0
31,15,2,4190,0,0,Life,West,1,1,0.66,0
47,5,1,3935,1,1797,Life,West,0,1,6.57,0
62,17,1,3701,1,2380,Life,North,2,1,3.22,1
56,6,2,4679,1,1872,Health,West,0,0,23.56,0
46,11,3,4866,0,0,Health,West,0,1,3.37,0
47,18,1,2791,2,4916,Health,South,2,1,21.73,0
32,4,2,4983,1,1186,Life,South,0,0,11.57,1
59,3,1,713,0,0,Life,East,1,1,2.2,1
23,13,3,3737,0,0,Auto,West,0,1,24.38,0
28,9,2,4362,1,237,Health,East,0,0,17.39,0
39,6,1,558,0,0,Health,East,1,1,7.07,0
48,12,1,3430,0,0,Auto,South,0,1,26.84,0
55,2,1,3471,1,1925,Auto,South,0,1,1.36,0
48,3,2,2027,1,2293,Health,North,0,0,6.05,0
38,3,1,622,1,1677,Auto,South,2,1,22.56,0
64,12,1,4219,0,0,Home,East,0,0,21.28,0
65,15,4,1936,1,504,Auto,West,2,0,8.68,0
45,9,3,1662,2,3876,Health,East,0,1,1.86,0
46,8,2,3800,3,7440,Auto,East,1,1,25.74,0
28,11,4,3845,1,444,Life,East,2,1,9.41,0
27,16,1,2986,1,1944,Health,South,0,0,5.87,0
45,4,2,1061,1,2405,Home,East,0,0,15.48,0
54,1,2,4481,0,0,Health,North,1,1,27.31,0
50,7,2,2237,2,832,Home,West,1,0,1.31,0
64,2,1,1404,1,706,Health,South,0,1,22.97,0
43,5,2,4054,1,960,Home,East,1,1,17.17,0
47,7,2,4990,0,0,Health,North,1,1,12.76,1
49,4,2,2226,1,1253,Life,West,1,0,22.32,0
42,5,1,3423,1,2874,Health,East,1,1,28.97,0
28,1,1,4031,1,2767,Life,West,0,1,6.88,0
38,1,1,4406,0,0,Life,South,3,0,4.31,1
41,15,1,1434,1,474,Auto,South,0,0,27.39,0
62,19,2,574,0,0,Life,North,0,0,20.07,0
41,10,1,794,0,0,Auto,South,0,0,13.14,0
43,18,3,520,1,1150,Life,North,0,1,17.2,0
49,3,1,3742,2,2756,Life,East,0,1,22.37,0
61,11,1,1538,2,2600,Home,West,0,1,23.19,0
28,15,2,1609,1,1836,Health,South,0,0,27.6,0
22,11,1,4271,1,1655,Auto,West,1,1,12.81,0
53,17,2,871,3,714,Auto,West,0,0,8.8,0
34,17,2,1674,0,0,Health,East,0,1,19.19,0
51,6,1,1664,0,0,Home,East,0,1,12.47,1
44,5,1,1592,1,343,Auto,South,0,1,17.84,0
40,8,1,1783,1,2931,Health,East,0,1,12.6,0
53,2,1,2511,1,2702,Home,West,0,1,4.59,0
51,16,1,1345,2,5230,Life,North,3,1,14.08,0
50,12,1,2491,1,958,Health,North,2,1,20.73,0
66,6,1,1020,1,446,Home,North,2,0,23.98,1
50,1,2,4966,0,0,Auto,South,0,1,14.8,0
51,4,2,4696,1,2622,Auto,East,0,1,4.96,0
37,17,2,742,1,1514,Auto,East,0,0,12.44,0
61,13,1,3300,0,0,Auto,East,1,0,23.59,0
40,18,1,3396,0,0,Home,East,0,1,12.39,0
39,5,3,3102,0,0,Life,West,0,0,20.9,0
22,3,2,2773,0,0,Life,North,0,0,15.22,0
35,11,3,2041,0,0,Health,West,0,1,7.24,0
68,13,1,3265,0,0,Auto,South,3,1,23.88,0
23,4,2,2614,1,900,Life,North,1,1,2.53,0
49,14,2,4991,1,487,Life,North,1,0,15.75,0
51,11,1,3583,1,2401,Health,West,0,0,6.27,0
59,10,2,2357,0,0,Home,South,2,0,2.01,1
25,19,2,1269,1,2670,Auto,South,1,0,15.09,0
22,18,1,1922,1,1049,Health,North,2,0,14.99,0
29,6,1,906,1,249,Life,East,0,1,21.21,0
50,15,3,3472,0,0,Health,South,0,0,22.34,0
60,10,4,2372,1,2811,Life,West,1,0,21.83,0
24,5,1,3194,1,2909,Life,South,0,0,12.29,0
53,5,1,2769,1,2812,Home,North,2,0,18.95,1
31,10,1,1681,2,4920,Home,East,3,0,17.31,0
31,5,2,1939,0,0,Life,South,0,0,12.65,0
40,3,1,3553,0,0,Life,North,0,1,17.92,0
67,6,4,3833,1,1940,Health,South,0,0,28.42,0
55,4,1,3397,1,1543,Health,East,2,0,5.79,0
54,18,1,3403,0,0,Life,West,1,0,27.17,0
44,9,2,728,2,4320,Health,North,0,0,1.6,0
49,17,3,4459,1,1288,Life,North,0,0,9.25,0
53,13,2,2393,0,0,Auto,East,0,0,8.64,0
28,15,2,1813,0,0,Auto,North,1,0,18.79,0
50,17,4,1570,3,693,Auto,East,0,1,3.94,0
29,13,1,1474,0,0,Health,North,0,0,26.47,0
22,16,3,2238,0,0,Home,East,1,0,24.86,0
24,4,1,3785,3,4245,Home,South,0,0,19.56,0
45,5,3,1257,1,1365,Life,South,0,0,13.75,0
44,5,2,3595,0,0,Life,South,0,0,27.99,0
29,9,1,820,1,800,Health,North,0,0,24.92,1
68,17,3,2821,0,0,Life,East,0,0,14.98,0
58,13,1,1055,2,3568,Health,East,3,0,21.06,1
24,2,1,1886,1,1187,Health,West,1,0,17.01,1
54,13,2,3547,2,2828,Health,South,2,0,17.64,1
49,19,1,2927,1,2165,Health,West,2,0,9.93,0
68,3,2,2504,0,0,Health,South,0,1,13.86,0
29,10,1,2430,1,1639,Home,West,0,1,2.34,0
55,2,1,2663,1,719,Life,South,0,1,10.72,0
56,13,1,4367,0,0,Auto,East,1,1,20.87,0
53,19,1,2926,0,0,Life,South,1,1,28.6,0
45,17,2,4293,1,2263,Life,North,0,1,28.89,1
35,14,3,3013,1,2031,Health,South,0,1,16.67,0
53,12,4,4303,0,0,Life,South,0,0,18.2,0
67,12,3,2827,1,482,Life,East,0,0,5.57,0
64,11,1,1117,1,560,Life,North,2,1,20.86,0
37,7,2,2665,0,0,Health,East,0,1,2.12,0
25,4,1,3808,0,0,Auto,West,2,0,8.54,0
58,19,1,1492,1,2555,Life,West,0,1,20.05,0
42,1,2,1877,2,4268,Auto,North,1,0,9.31,1
35,3,1,4881,1,1158,Life,West,2,0,1.5,0
52,13,1,3674,0,0,Auto,North,2,0,24.96,0
69,15,4,1805,0,0,Health,South,0,0,9.31,0
39,2,2,3578,1,1839,Auto,West,0,0,1.89,0
28,11,2,3186,2,3184,Home,South,0,1,2.24,0
31,4,1,3483,1,2489,Home,East,0,1,7.55,0
28,19,1,3023,0,0,Life,West,1,1,5.34,0
54,17,3,4082,1,903,Home,East,2,0,23.23,0
44,3,1,1985,4,4272,Life,East,0,1,9.65,1
42,18,2,2600,2,3168,Home,North,0,0,24.14,0
40,8,1,4215,1,432,Life,East,0,0,5.22,0
69,19,2,2501,1,1257,Health,North,2,1,14.79,0
40,5,1,1887,1,1466,Life,North,3,0,20.64,1
57,7,3,3683,1,1150,Life,North,0,0,19.56,1
50,8,3,1530,0,0,Auto,North,0,0,18.03,0
39,5,3,2265,1,2965,Home,North,1,1,27.74,0
23,17,1,1720,1,501,Auto,South,1,0,6.86,0
22,5,3,4306,1,2245,Auto,North,0,1,14.81,0
68,4,2,2914,0,0,Auto,West,2,1,26.52,0
26,19,1,4845,0,0,Life,North,3,1,2.34,0
41,2,2,2118,2,1032,Life,South,0,1,1.68,0
32,11,1,1763,0,0,Life,West,0,0,7.0,0
63,13,1,1371,0,0,Health,West,0,0,18.99,0
23,15,2,1334,0,0,Life,South,0,0,7.8,1
24,12,1,3322,0,0,Life,West,0,0,5.71,0
44,11,2,1418,1,2081,Life,South,0,1,13.76,0
33,7,1,2224,1,2153,Life,East,0,0,18.41,0
41,5,3,2913,1,217,Home,East,0,0,7.46,0
26,17,4,1813,0,0,Life,North,0,1,9.02,0
58,9,3,4998,2,3458,Health,North,0,1,18.41,0
59,14,1,2605,0,0,Health,North,1,1,28.37,0
51,12,1,3068,2,1118,Health,North,1,1,20.24,0
30,6,2,1638,0,0,Life,South,0,1,23.49,0
55,17,1,709,3,6423,Health,East,0,1,11.0,0
65,19,1,1564,0,0,Life,South,1,0,8.17,0
56,19,2,2720,0,0,Health,West,0,1,13.63,0
43,16,2,733,0,0,Life,West,3,0,24.21,0
65,12,4,1292,1,411,Health,West,0,0,13.69,0
45,12,1,3610,0,0,Auto,West,1,0,25.4,0
38,6,1,2666,0,0,Health,West,0,1,29.66,0
31,4,1,834,0,0,Health,East,1,1,2.16,0
51,6,4,1859,0,0,Health,South,2,0,1.36,0
67,11,3,1714,2,2464,Auto,West,2,0,4.49,0
44,1,3,4919,0,0,Life,North,3,1,11.53,1
53,15,4,783,0,0,Auto,East,0,1,3.93,0
38,11,2,712,0,0,Auto,North,0,0,26.12,0
38,19,2,2158,2,5904,Health,East,0,0,0.69,0
35,18,1,4578,1,2673,Life,East,0,1,9.47,0
30,17,2,1917,3,6120,Health,North,0,0,5.54,0
61,19,2,2886,3,5985,Life,North,2,1,27.95,1
23,14,2,2294,3,5781,Life,West,2,0,20.08,0
66,18,4,604,1,790,Life,North,0,0,27.36,0
46,19,4,4393,1,1914,Life,South,0,0,29.17,0
60,15,3,4345,1,2338,Health,East,0,0,14.91,0
30,15,3,4190,1,655,Auto,East,1,0,7.03,0
43,4,2,3792,2,1286,Life,West,0,0,5.81,0
64,7,1,878,1,278,Home,East,2,1,6.69,0
67,13,1,3793,0,0,Home,North,1,0,21.26,1
25,3,2,3829,0,0,Home,East,1,1,1.21,0
47,16,2,3938,0,0,Auto,East,0,0,1.54,0
50,9,1,724,2,1644,Health,North,0,1,18.24,0
66,8,4,1237,0,0,Life,North,2,0,19.26,0
55,13,1,735,0,0,Health,East,1,0,19.96,0
44,17,1,4778,1,1817,Health,South,3,0,11.16,0
58,17,2,1211,0,0,Auto,North,0,0,24.18,0
32,17,1,2388,2,4460,Home,South,1,1,16.01,0
27,1,1,1759,1,586,Health,South,0,1,3.16,0
39,8,1,1248,1,1834,Health,West,1,1,23.91,0
42,19,3,4486,0,0,Life,South,1,0,28.59,0
63,6,2,4051,1,1384,Life,West,1,1,1.8,0
57,3,2,1009,1,1685,Health,South,1,1,11.74,0
62,5,2,2323,0,0,Health,West,0,1,14.63,0
59,13,1,3441,0,0,Auto,North,3,1,4.39,1
55,15,4,4732,1,440,Health,East,3,0,26.03,0
38,14,1,2634,0,0,Home,East,0,0,8.52,0
58,16,4,2277,2,3742,Auto,West,2,0,23.49,0
46,18,2,1722,2,1522,Auto,North,0,1,20.13,0
59,11,4,4167,1,2199,Life,West,1,0,17.94,0
33,3,1,2277,0,0,Home,West,0,1,5.76,0
44,10,2,1804,0,0,Auto,North,3,0,6.62,0
63,10,1,1201,1,2545,Life,South,0,0,1.42,0
43,16,1,3489,0,0,Life,South,0,0,7.22,0
42,12,2,651,1,2401,Home,North,0,0,10.36,0
48,2,1,1825,0,0,Life,West,0,1,24.99,1
52,9,2,1801,0,0,Health,East,1,0,10.99,1
27,3,1,4222,1,2715,Health,West,0,1,22.64,0
48,15,1,2211,1,2296,Auto,South,1,0,13.18,0
61,3,3,1306,1,1877,Auto,North,3,0,23.55,1
55,19,2,4830,1,245,Health,North,1,1,29.29,1
33,18,2,3222,0,0,Health,North,2,0,7.2,0
66,8,2,1825,0,0,Home,South,0,1,25.87,0
28,17,3,4633,0,0,Auto,West,0,1,18.65,0
31,8,1,1659,0,0,Home,North,0,1,24.52,0
66,7,2,3369,0,0,Health,East,0,0,19.55,0
38,7,4,1742,1,989,Life,North,2,0,12.72,0
47,3,2,847,0,0,Health,West,0,1,6.84,0
42,1,2,2331,1,2305,Auto,South,2,1,2.1,0
49,4,2,2069,0,0,Life,East,0,1,16.07,0
67,5,2,4435,1,200,Life,East,1,0,29.71,0
23,1,2,2418,0,0,Life,North,0,0,22.14,0
64,15,1,3732,0,0,Health,West,0,0,9.82,0
22,5,1,4258,2,1930,Auto,North,1,1,24.82,0
57,13,3,2855,2,1740,Life,East,0,0,23.07,0
47,8,1,1897,1,2758,Auto,North,1,0,8.45,0
50,8,2,3280,0,0,Home,West,0,1,0.43,0
42,5,1,2324,1,1114,Life,South,0,0,3.54,0
32,9,2,2991,1,2044,Auto,East,2,0,26.32,1
61,1,1,4560,5,10975,Home,West,0,0,25.1,0
32,4,1,904,0,0,Home,North,1,0,8.86,0
57,3,4,2221,1,692,Life,East,0,0,8.56,0
60,2,3,3325,1,349,Life,North,1,0,23.79,0
61,8,2,4345,0,0,Life,North,0,0,28.13,1
56,9,2,4710,0,0,Auto,South,0,0,23.37,0
55,2,2,3692,1,598,Auto,North,0,0,18.17,0
68,14,2,564,0,0,Auto,North,0,1,7.28,0
45,14,2,1799,0,0,Health,West,0,0,15.77,0
43,4,1,1915,0,0,Life,North,1,0,7.01,0
26,6,2,4093,1,2395,Health,South,1,0,24.24,1
54,11,3,1468,1,580,Health,North,0,0,11.61,0
57,3,4,868,1,751,Auto,North,0,0,25.01,1
68,8,1,732,2,988,Health,North,0,0,11.45,0
41,3,2,2742,2,2686,Health,East,0,1,24.72,0
40,14,2,3583,0,0,Life,South,0,0,10.0,0
56,13,2,1420,2,3506,Life,East,0,1,13.2,0
64,13,1,1188,0,0,Life,South,3,0,18.46,0
38,2,2,4772,2,1818,Life,South,1,0,2.11,0
66,13,1,1969,0,0,Health,West,0,0,28.45,0
64,19,1,4759,1,2219,Life,East,0,1,17.21,0
55,6,2,4122,0,0,Life,South,1,0,15.23,0
30,16,2,2600,2,3842,Auto,South,0,0,25.18,0
47,2,2,2765,1,1484,Health,West,1,0,25.97,0
23,8,4,4289,2,4956,Auto,East,2,0,15.67,0
30,17,1,1323,0,0,Auto,North,0,1,27.82,0
30,2,1,3931,3,7728,Health,West,0,0,1.94,0
61,10,2,4651,1,1520,Home,South,1,1,3.4,0
38,16,1,4713,0,0,Life,East,3,1,17.9,0
22,6,1,1297,1,2693,Auto,South,0,0,10.62,0
46,2,1,1279,0,0,Home,West,1,0,13.93,0
64,2,1,3350,2,4880,Home,West,0,1,9.84,0
61,13,3,3392,2,1200,Life,East,0,0,12.14,0
63,15,1,2393,1,2356,Health,West,1,0,24.68,0
46,2,2,3806,0,0,Life,West,2,1,17.8,0
60,7,1,3402,0,0,Auto,North,1,1,29.92,1
56,3,2,4218,1,2576,Auto,South,1,1,23.61,1
24,8,1,521,2,1124,Health,North,0,1,8.21,0
58,14,2,2000,1,2506,Health,North,0,0,7.93,0
65,7,2,1342,0,0,Auto,East,0,0,10.08,1
65,7,1,2260,1,284,Health,West,0,0,25.3,0
51,1,2,4141,0,0,Home,South,1,1,0.82,0
59,17,1,691,1,2024,Auto,South,0,1,6.91,0
55,9,2,895,1,507,Life,South,1,0,27.15,0
33,13,1,4826,0,0,Auto,West,1,0,19.2,0
40,19,4,1373,0,0,Life,South,0,0,6.81,0
58,19,1,3121,1,830,Health,South,0,1,6.57,0
65,17,2,4835,2,1758,Home,West,1,0,25.88,0
38,10,1,589,0,0,Home,East,3,0,26.81,1
31,10,1,2779,1,2571,Health,South,1,1,7.68,0
68,4,2,956,2,3850,Life,West,0,1,12.62,0
33,8,4,2780,1,2051,Life,North,0,0,25.04,0
37,18,1,4949,0,0,Health,West,0,1,23.13,0
45,14,1,1504,0,0,Life,North,0,0,24.42,0
40,18,1,844,1,1848,Health,West,1,0,15.55,0
29,14,1,3211,0,0,Life,South,1,0,27.35,0
52,15,1,2962,1,1469,Health,East,0,1,9.78,0
42,4,2,1616,1,647,Life,East,0,1,4.7,0
38,13,1,1125,0,0,Home,South,0,0,21.26,0
44,8,1,4879,0,0,Auto,North,2,1,16.18,0
58,18,2,2479,0,0,Health,West,0,0,25.64,0
37,12,1,4494,1,2978,Life,South,1,1,2.43,0
27,14,1,2178,1,1257,Health,West,0,1,25.31,0
29,2,1,722,2,476,Life,South,1,0,8.8,0
46,18,2,1243,1,1802,Health,South,0,0,19.65,0
39,2,1,962,1,2456,Auto,West,0,1,1.2,0
46,11,2,2068,1,1029,Auto,East,1,0,18.29,0
33,9,1,3847,2,2110,Auto,East,0,1,21.52,0
36,12,2,2236,0,0,Health,North,0,0,11.06,0
47,17,1,4539,2,4116,Home,West,0,1,6.46,0
62,15,2,4451,1,1302,Home,North,0,0,16.13,1
66,17,3,1164,2,3400,Health,South,0,0,25.0,0
47,18,2,1856,1,2681,Health,North,1,0,9.71,0
68,6,1,1514,0,0,Health,South,2,1,7.57,0
53,17,1,2632,0,0,Life,West,0,0,8.37,0
31,18,1,3168,1,2279,Auto,West,0,0,28.47,0
37,8,1,1554,0,0,Health,West,0,1,10.78,1
28,9,1,2264,1,1455,Life,West,0,1,0.11,0
38,6,3,4958,0,0,Life,North,0,0,23.45,0
44,5,1,3369,0,0,Health,South,1,1,20.98,0
47,12,2,1912,0,0,Home,East,0,1,3.86,0
42,11,2,1167,1,2985,Health,West,0,0,29.55,0
43,1,2,3870,2,4648,Auto,West,2,0,18.24,0
28,11,1,1894,0,0,Health,South,2,1,15.02,1
35,19,3,598,0,0,Health,East,3,1,11.47,0
36,9,1,4570,1,2531,Health,West,1,0,26.96,0
28,2,2,921,0,0,Auto,East,2,0,7.32,0
30,12,3,4150,1,2791,Life,West,0,0,8.57,0
69,4,2,4657,0,0,Health,North,0,0,3.67,0
29,4,2,1632,2,2758,Life,North,0,0,22.77,0
44,18,1,2202,1,2497,Health,East,1,0,17.87,0
50,15,1,4120,1,2342,Home,South,2,1,18.27,1
39,19,2,3690,4,864,Life,South,0,1,6.55,0
52,13,1,1097,0,0,Health,North,1,0,19.54,0
51,19,3,891,1,1182,Health,South,1,0,22.96,0
60,17,1,1575,1,2580,Home,South,2,0,10.74,0
56,6,1,3150,4,8184,Health,South,1,0,24.04,1
39,16,1,2884,0,0,Auto,East,3,1,10.46,1
63,12,1,1309,0,0,Home,East,0,1,22.74,0
60,19,2,3809,0,0,Health,South,0,0,1.01,0
38,5,2,4238,2,2324,Health,North,0,0,16.53,0
35,17,2,1659,1,1476,Health,South,0,0,29.09,0
52,1,3,2031,0,0,Auto,West,0,1,29.44,0
45,10,3,3182,0,0,Life,North,1,0,8.45,0
56,15,3,753,0,0,Health,East,1,1,13.24,0
65,11,1,4048,1,1806,Auto,West,1,1,1.89,0
66,13,2,3685,0,0,Health,South,0,0,26.2,0
55,5,1,1731,0,0,Health,South,0,1,17.06,0
24,1,1,2923,1,2755,Health,North,0,1,11.55,0
58,12,2,4075,1,664,Life,North,0,1,3.38,0
64,11,1,4761,1,982,Health,South,0,1,28.4,0
61,17,1,2073,1,1003,Health,South,0,0,15.91,0
47,4,1,3408,2,838,Home,North,0,0,8.49,0
44,15,1,2125,1,2262,Life,West,1,1,10.51,0
65,9,4,4498,1,1973,Home,East,0,1,8.12,0
60,19,1,4383,0,0,Auto,North,3,1,18.05,1
36,19,1,4015,1,2578,Life,West,0,0,27.9,0
25,12,2,3903,0,0,Auto,South,3,1,25.7,0
50,5,1,2458,1,1574,Life,East,0,0,13.81,0
43,10,4,4509,0,0,Home,West,0,0,24.79,0
46,17,1,3235,1,507,Home,East,0,0,12.69,1
34,5,2,4991,1,421,Life,East,1,0,7.57,0
39,16,2,3674,0,0,Life,East,0,0,29.5,0
54,7,4,901,2,1992,Health,West,0,1,9.12,0
37,9,2,1474,0,0,Health,West,2,0,9.71,1
66,3,3,723,1,350,Health,South,0,0,29.69,0
63,15,1,735,0,0,Health,East,0,0,4.02,0
65,16,1,3998,2,3512,Auto,North,0,0,22.82,0
23,18,1,4711,1,311,Life,North,1,1,28.07,0
56,14,3,3734,1,882,Auto,North,0,0,15.35,0
63,3,1,725,0,0,Auto,West,0,0,0.08,0
55,12,1,2777,2,5158,Health,South,0,1,11.25,0
51,9,1,4777,1,1765,Home,West,0,1,3.35,0
34,7,1,1841,0,0,Life,East,1,1,12.49,1
34,9,1,4536,0,0,Life,North,0,1,23.7,0
39,13,4,709,1,360,Auto,West,0,1,13.16,0
53,18,2,4227,0,0,Health,North,0,0,12.96,0
53,5,2,4428,0,0,Health,West,0,1,16.7,0
56,13,2,3303,0,0,Home,North,0,1,17.45,0
60,4,1,1609,1,696,Home,East,0,0,25.69,0
67,2,1,2526,0,0,Auto,North,0,1,9.25,0
50,16,1,893,2,4230,Auto,East,2,1,24.65,1
50,9,1,1343,2,1708,Life,East,0,0,16.98,0
65,9,2,2024,1,502,Life,West,0,0,9.02,0
37,6,1,1103,2,1274,Auto,West,0,1,8.85,0
65,11,1,1081,1,2973,Health,West,0,0,10.83,0
68,1,2,2439,0,0,Health,East,2,0,18.68,0
31,4,4,632,0,0,Health,South,0,1,6.92,0
51,13,3,3338,2,1744,Auto,South,0,0,27.61,0
46,13,3,3885,1,1473,Life,East,1,0,17.25,0
60,13,3,4270,0,0,Auto,East,0,1,27.6,1
41,2,1,2768,0,0,Life,West,0,1,1.39,0
26,9,3,1475,0,0,Life,West,0,0,10.28,0
22,8,1,2313,0,0,Health,West,0,1,0.68,0
51,7,2,3763,0,0,Life,South,1,0,8.17,0
24,4,2,2043,2,5254,Home,South,0,0,25.86,0
66,18,1,3335,0,0,Life,East,0,0,1.1,0
35,3,3,3238,0,0,Life,South,0,1,13.08,0
51,6,4,1857,1,620,Health,West,0,0,3.53,0
25,12,1,4634,0,0,Health,West,3,0,12.51,0
39,12,3,1816,2,4950,Life,West,0,1,25.17,1
58,8,1,661,0,0,Life,West,3,0,18.69,0
46,1,2,2409,0,0,Home,West,0,1,22.1,0
69,4,2,1627,1,2743,Auto,North,1,0,10.47,0
22,11,2,4370,0,0,Health,East,0,1,28.33,0
67,3,4,2158,1,361,Health,East,0,0,21.28,0
36,13,3,3625,0,0,Life,South,2,0,12.65,0
30,17,3,2463,0,0,Health,West,2,0,12.79,0
36,10,1,2789,1,921,Auto,North,0,1,27.56,0
45,12,4,1466,0,0,Home,West,0,1,17.29,0
25,15,1,1389,0,0,Life,West,0,0,21.19,0
33,10,3,3561,0,0,Auto,South,2,1,12.51,0
58,14,1,4129,1,626,Life,North,0,0,6.71,0
58,13,1,3689,0,0,Life,North,1,1,21.71,0
64,5,2,3248,2,3500,Life,East,1,1,18.23,1
27,6,1,2166,1,2167,Life,West,1,1,15.04,0
60,2,1,3566,2,1840,Home,North,0,1,18.72,1
67,17,1,1941,1,2931,Health,East,0,1,6.25,0
45,4,1,1567,4,8004,Life,North,3,0,23.82,1
32,14,1,4723,0,0,Home,West,1,1,28.44,0
34,10,1,3423,0,0,Home,East,1,1,26.73,0
55,3,2,4753,0,0,Auto,North,0,1,9.64,0
46,3,1,4356,0,0,Home,South,1,0,12.18,0
28,15,2,1326,1,935,Life,North,0,0,24.25,0
25,6,1,4485,0,0,Auto,West,0,0,17.85,0
29,17,4,2592,2,1914,Auto,South,1,1,16.44,0
41,12,3,3679,0,0,Home,North,0,0,27.8,0
50,11,1,4401,0,0,Auto,North,1,0,16.08,0
66,4,3,2862,1,953,Health,East,0,0,15.45,0
67,6,3,2724,1,223,Auto,West,0,0,1.26,0
31,1,4,2226,0,0,Life,North,0,0,2.08,0
64,16,2,2506,1,254,Health,North,0,0,0.22,0
55,15,1,766,0,0,Life,North,0,1,27.4,0
47,17,2,1337,0,0,Home,West,1,1,12.25,0
62,8,2,1186,1,1169,Life,South,1,0,14.06,0
24,12,2,3861,0,0,Health,West,0,1,25.36,0
27,10,1,856,0,0,Health,East,0,1,18.28,0
26,15,3,4315,0,0,Home,East,1,0,18.29,0
26,9,4,1371,2,814,Health,West,1,0,8.9,0
68,2,1,2473,1,332,Auto,North,1,1,25.02,1
44,5,1,2310,0,0,Home,North,1,0,4.97,0
30,6,1,4918,0,0,Health,South,0,1,1.59,0
56,7,3,3141,0,0,Health,West,0,0,5.75,0
41,1,2,2728,0,0,Auto,West,0,0,8.03,0
63,7,2,3891,1,568,Home,North,0,1,8.47,0
56,12,2,4678,1,1406,Auto,East,1,0,20.12,0
39,16,2,2850,2,5340,Life,East,0,1,6.53,0
38,16,1,4857,0,0,Home,South,2,0,20.3,0
45,11,2,3239,0,0,Health,South,1,0,2.73,0
24,4,3,3230,0,0,Health,East,2,0,4.42,0
53,13,4,1818,0,0,Auto,West,2,0,15.26,1
56,7,4,2035,1,726,Life,South,0,0,27.66,0
59,4,4,2943,0,0,Auto,North,1,0,25.79,0
34,15,2,2272,2,754,Health,West,0,0,29.06,0
68,19,2,3709,1,838,Home,North,0,1,19.51,0
46,9,2,1377,0,0,Life,South,1,0,20.27,0
30,11,4,3370,0,0,Health,East,0,1,18.75,0
25,8,1,3700,2,5740,Auto,South,3,0,18.68,0
35,1,1,4644,1,1372,Life,East,1,0,4.41,0
58,8,1,4247,1,1920,Life,West,1,1,16.31,1
55,13,2,3336,0,0,Home,South,0,0,11.58,0
32,4,1,792,2,3764,Life,South,1,0,13.28,1
62,8,1,2151,0,0,Home,South,0,0,15.71,0
24,3,1,4906,0,0,Life,West,1,1,3.85,0
49,9,1,1036,0,0,Health,North,0,1,10.78,0
50,2,3,3186,2,5530,Auto,North,1,0,1.9,0
30,2,1,733,0,0,Auto,East,0,0,29.39,1
24,13,2,3152,1,241,Health,South,0,1,3.56,0
46,15,2,2874,1,970,Health,North,0,0,7.76,0
55,12,3,2772,1,2739,Auto,West,0,0,26.74,1
33,4,1,1466,2,3324,Life,South,1,0,14.48,0
63,8,4,1389,2,4664,Health,East,0,0,4.07,0
30,9,2,4363,0,0,Life,North,0,0,11.53,0
36,5,4,3900,0,0,Health,West,0,1,3.48,0
61,18,4,534,1,910,Life,West,0,0,6.01,0
46,11,1,4023,1,408,Health,East,0,0,1.56,0
26,15,1,2263,1,1471,Health,North,1,1,13.15,0
32,9,1,3791,0,0,Life,South,0,0,24.2,0
55,17,2,2988,1,238,Life,West,0,0,17.58,0
45,12,1,3200,0,0,Auto,East,0,0,18.19,0
36,7,1,2058,0,0,Health,West,0,1,6.02,0
59,10,2,2776,0,0,Home,West,0,0,10.32,0
29,10,1,4506,2,3272,Auto,North,0,0,25.36,0
26,13,1,4939,2,3338,Life,North,1,1,2.64,0
69,19,2,1603,2,4598,Auto,South,0,1,25.74,0
47,11,1,1919,0,0,Life,West,0,1,14.51,0
39,13,1,1978,0,0,Auto,East,0,0,25.11,0
27,8,2,4414,0,0,Home,West,1,0,9.54,0
58,8,2,4242,1,1765,Health,East,3,0,10.17,1
69,4,3,3456,2,2626,Auto,West,0,0,22.55,0
34,15,2,1882,1,2926,Life,East,3,1,23.55,1
49,11,2,3074,0,0,Health,West,0,0,6.89,0
26,11,2,3884,1,2316,Home,West,0,1,29.19,0
34,1,3,2069,0,0,Life,South,0,0,2.53,0
38,17,3,2394,2,1706,Life,North,0,0,2.06,0
61,15,3,2743,2,524,Health,North,0,1,17.87,0
66,6,2,2366,0,0,Auto,East,0,0,21.68,0
53,15,1,528,1,2539,Health,West,0,1,28.83,0
50,9,1,1205,0,0,Home,West,0,1,12.15,0
24,14,1,1520,1,1647,Life,North,0,0,0.76,1
61,18,4,2563,0,0,Health,East,0,0,18.09,0
55,17,2,1946,0,0,Auto,South,2,0,8.69,0
61,18,2,4164,0,0,Life,South,0,1,12.99,0
48,5,1,3487,1,1494,Auto,South,1,0,14.65,0
34,9,3,4102,2,3608,Life,West,1,1,1.94,0
66,11,1,4185,3,4017,Life,East,0,0,14.58,0
54,1,1,3868,3,2709,Life,North,0,1,12.79,0
27,18,1,4081,1,715,Home,West,0,1,21.38,0
45,6,2,3262,0,0,Health,West,0,0,19.37,0
40,2,2,4537,0,0,Auto,South,0,0,5.56,0
37,15,3,1072,1,1464,Health,East,0,0,6.18,0
61,14,1,4588,2,458,Health,East,0,0,7.53,0
49,5,2,1114,1,525,Health,South,2,0,5.37,0
54,6,2,4550,0,0,Home,South,0,0,19.72,0
69,6,1,825,2,620,Auto,South,1,1,29.83,1
62,18,3,4240,1,2960,Auto,West,0,1,19.56,0
34,14,3,858,0,0,Life,West,2,1,18.2,0
64,10,2,4277,1,2626,Health,West,0,0,12.3,0
66,14,3,2871,0,0,Health,North,0,1,9.38,0
46,13,2,2221,1,482,Home,North,2,0,27.33,1
63,3,1,1849,0,0,Life,East,1,0,29.07,0
57,6,2,4196,1,2731,Life,South,0,0,14.9,0
48,8,1,4396,2,5828,Health,South,0,0,8.71,0
59,12,1,4760,2,2840,Life,West,1,0,23.1,0
28,13,1,2096,0,0,Life,North,1,0,3.97,0
26,11,2,2127,1,797,Home,South,0,1,22.97,0
64,12,2,3002,2,1996,Health,East,0,0,24.57,0
66,1,1,4308,2,2964,Home,South,1,1,3.75,0
52,17,2,692,1,1372,Auto,West,0,0,29.31,0
44,16,4,3174,3,6270,Life,West,1,0,29.57,0
63,11,1,4345,1,2637,Health,North,0,0,28.1,0
31,13,1,3077,0,0,Life,East,3,1,14.88,1
53,18,3,591,2,5326,Home,East,1,0,7.38,0
64,11,1,4734,0,0,Health,South,1,0,17.46,0
51,12,2,980,1,1925,Health,East,0,0,12.6,0
60,6,1,3416,1,2333,Health,South,0,0,6.18,0
52,9,2,4935,2,2878,Health,South,0,1,12.71,0
39,16,2,1575,1,2670,Life,North,1,0,19.92,0
57,4,2,3013,1,317,Health,East,1,0,2.13,0
23,3,3,1298,0,0,Auto,West,0,1,10.0,0
35,16,3,4449,1,798,Auto,South,1,0,0.53,0
34,12,3,1104,4,9148,Health,South,1,1,22.48,0
50,11,2,3479,1,1384,Health,South,0,1,19.22,0
33,5,1,1097,0,0,Home,East,0,1,1.88,0
60,18,2,2032,1,2784,Life,East,1,0,28.94,0
23,19,1,1013,1,2667,Home,East,0,1,0.68,0
53,6,3,2377,2,1726,Life,South,1,0,17.7,0
34,18,1,4472,2,4684,Auto,West,0,1,23.29,0
67,6,2,4343,0,0,Health,West,3,0,23.64,1
48,4,1,2199,1,849,Health,East,0,0,1.03,0
62,12,3,1529,0,0,Home,West,0,1,27.19,0
38,19,3,1216,1,487,Life,South,0,0,27.55,0
61,2,1,4586,3,5697,Health,East,0,1,16.84,0
52,17,3,1165,0,0,Health,East,0,1,14.46,0
55,11,1,2708,0,0,Auto,South,0,0,1.35,0
45,11,2,1579,1,2775,Life,East,3,0,16.86,0
66,16,3,727,0,0,Auto,South,2,0,12.28,0
56,2,1,648,1,335,Health,East,0,1,23.18,0
69,2,4,1569,0,0,Life,West,1,0,12.12,0
27,8,1,1863,1,958,Auto,East,0,0,20.51,0
40,13,1,2255,0,0,Life,East,1,1,3.04,0
51,10,4,1019,0,0,Health,East,1,1,3.99,0
28,8,1,4044,1,1224,Life,North,0,1,4.19,0
31,4,4,2822,0,0,Health,West,1,1,1.37,0
62,15,4,1602,1,2756,Auto,South,1,0,16.24,0
53,1,1,1097,1,1728,Health,North,0,0,23.82,0
55,11,2,3773,3,3015,Health,West,2,0,18.31,0
49,7,1,4549,0,0,Health,East,2,1,17.25,1
36,17,2,3105,1,1153,Life,East,0,1,20.42,0
51,18,1,2688,2,2096,Health,South,1,1,10.19,0
58,12,1,1088,0,0,Home,South,3,1,10.86,0
50,9,1,4972,2,462,Home,West,0,0,9.43,0
43,5,2,1907,0,0,Life,West,0,0,21.36,0
25,10,4,3890,0,0,Life,South,0,0,4.85,1
41,4,3,3940,0,0,Home,West,2,0,0.39,0
53,5,2,2129,0,0,Health,South,1,1,17.89,0
57,10,2,1494,2,3946,Health,East,0,0,28.27,0
25,11,3,2559,1,2321,Auto,South,3,1,18.28,0
48,10,1,3486,0,0,Health,North,1,1,23.49,0
38,8,2,900,0,0,Health,South,2,0,20.18,0
33,2,4,3355,0,0,Home,South,0,0,14.92,0
43,8,1,2724,1,2667,Auto,North,0,0,21.55,0
38,16,2,3912,1,672,Life,North,1,0,24.72,0
31,5,3,556,1,1987,Life,North,0,1,6.74,0
22,3,4,2375,0,0,Life,North,1,0,10.08,0
43,12,2,4798,0,0,Auto,South,1,1,6.71,0
47,13,1,4268,0,0,Life,West,0,1,13.57,0
39,13,1,4797,0,0,Life,North,1,0,26.55,0
35,10,1,1853,2,1076,Home,East,0,1,10.36,0
68,4,3,2910,1,2485,Life,South,0,1,11.23,0
50,9,1,4811,0,0,Life,West,0,1,25.81,0
33,2,3,3102,4,1112,Life,East,0,0,15.46,1
57,19,1,3434,0,0,Life,South,0,0,16.06,0
56,1,1,522,0,0,Health,South,1,0,25.82,1
33,7,2,2702,0,0,Home,East,1,0,14.72,0
28,17,2,1709,0,0,Home,North,0,1,20.45,0
50,3,1,2796,1,761,Health,North,1,1,2.57,0
32,3,2,1248,3,1452,Health,East,0,1,5.36,0
54,3,2,1304,0,0,Health,West,0,0,12.13,0
27,17,1,633,1,2840,Life,North,1,0,14.85,0
68,7,1,4916,0,0,Life,South,1,1,28.97,0
36,14,3,2937,0,0,Home,South,1,0,29.12,0
53,17,2,933,0,0,Life,West,0,0,25.54,0
32,18,1,4171,1,1456,Life,South,1,0,9.47,1
44,13,3,4236,1,1027,Health,North,1,0,28.92,0
47,18,4,4539,0,0,Health,West,3,1,20.68,1
55,4,2,2598,0,0,Life,North,0,0,11.79,0
67,1,2,3417,0,0,Life,West,0,1,21.05,1
55,18,3,752,0,0,Health,East,1,1,0.5,0
50,1,4,1629,2,4330,Auto,South,3,0,4.38,1
25,13,3,3764,0,0,Life,West,0,1,24.89,0
38,10,2,801,1,813,Health,East,0,0,19.37,0
56,11,2,2477,1,762,Health,North,0,1,10.93,0
34,9,2,3263,1,2667,Home,East,0,0,15.02,0
62,9,1,4505,1,2299,Health,North,0,1,27.15,0
60,5,2,3741,1,1944,Life,West,0,0,18.95,0
36,1,3,3557,0,0,Health,West,0,1,11.94,0
50,17,2,1050,2,4336,Auto,South,0,1,3.61,0
50,2,2,2087,0,0,Life,South,0,0,8.81,0
32,13,2,2322,0,0,Health,West,0,1,29.35,0
53,9,1,3717,1,456,Life,North,0,0,13.12,0
23,4,2,3996,2,768,Life,North,3,0,14.16,0
68,5,3,4909,1,2392,Health,West,0,1,14.96,0
35,11,1,4779,2,4462,Life,North,1,1,26.52,1
41,19,1,1212,0,0,Auto,West,0,0,18.12,0
43,3,4,2675,0,0,Auto,South,2,0,20.81,0
32,12,1,4572,0,0,Health,North,0,1,11.68,0
48,19,1,4349,1,1065,Health,South,0,1,0.87,0
24,19,4,2933,0,0,Health,East,0,0,27.93,0
38,13,2,3801,1,800,Life,South,1,0,28.47,0
65,7,2,770,0,0,Home,East,0,1,28.47,0
49,15,3,2294,3,4923,Home,South,0,1,28.31,0
50,7,1,2962,0,0,Life,South,0,1,24.46,0
42,8,2,4793,0,0,Life,North,1,0,20.54,0
68,5,2,3894,0,0,Life,South,0,1,25.34,1
37,14,3,1579,0,0,Auto,West,0,1,18.02,0
58,4,2,3378,1,1188,Auto,North,0,0,4.03,0
41,10,2,1103,1,2242,Auto,North,0,0,11.74,0
27,15,2,2085,2,1114,Auto,North,1,1,29.14,0
40,18,2,3557,3,1731,Health,South,0,0,10.53,0
26,13,3,4485,1,2419,Auto,North,0,1,26.03,0
24,8,2,1895,0,0,Auto,East,1,1,2.8,0
22,9,2,4188,0,0,Health,East,1,1,10.03,0
59,16,2,1099,0,0,Health,South,0,1,10.53,0
36,19,2,1013,0,0,Auto,North,1,0,1.55,0
55,16,2,1566,0,0,Health,West,0,0,3.57,0
56,7,3,3386,0,0,Auto,West,0,1,5.79,0
46,14,2,3153,1,983,Auto,East,3,0,25.13,0
45,14,4,1588,1,2028,Auto,South,2,0,1.9,1
33,4,3,4885,3,7737,Auto,South,0,0,8.96,0
39,15,2,3014,0,0,Health,South,0,0,0.31,0
36,3,2,4469,4,4728,Auto,South,0,1,20.87,0
65,5,4,3784,1,2790,Health,South,0,0,18.61,0
37,1,2,2696,1,1242,Life,North,0,0,19.35,0
48,3,3,4683,1,1371,Life,North,0,1,11.23,0
29,15,2,1289,0,0,Health,North,2,1,6.25,0
67,8,2,3975,1,2530,Health,West,2,1,21.61,0
46,4,1,3653,1,1061,Home,North,0,1,24.33,0
38,2,2,2164,0,0,Health,South,0,1,4.16,0
50,10,4,1809,3,6105,Health,South,0,1,14.6,0
29,4,2,1364,1,1898,Life,West,0,0,7.46,0
36,3,2,4363,1,312,Life,West,0,1,5.04,0
48,2,4,3863,0,0,Auto,East,1,0,22.03,1
67,17,2,4024,1,1822,Life,West,0,1,16.14,0
28,13,2,4286,0,0,Auto,East,2,0,6.49,0
24,5,3,523,0,0,Auto,North,1,0,9.3,0
50,9,2,3503,0,0,Health,South,0,0,29.0,0
65,6,1,810,1,2132,Home,East,0,0,25.46,0
45,5,2,1731,0,0,Health,East,1,1,26.4,0
24,10,2,4288,1,1867,Life,East,2,1,13.8,1
41,8,1,3211,1,665,Home,West,1,1,18.71,0
67,7,2,921,3,8568,Home,West,0,1,11.3,0
36,7,2,2273,0,0,Life,West,0,0,2.33,1
46,6,1,4068,1,489,Life,East,0,1,12.03,0
51,3,2,1446,0,0,Life,North,3,0,17.82,0
35,19,1,1686,0,0,Life,South,1,1,8.61,0
28,15,2,2334,0,0,Home,West,1,0,25.44,0
38,4,3,2064,2,4132,Health,North,0,0,4.53,0
65,12,2,2447,1,916,Health,West,1,1,11.01,0
41,6,1,1808,0,0,Home,West,0,1,3.75,0
57,19,1,3486,1,766,Health,East,0,1,12.14,0
30,4,1,886,0,0,Health,East,0,1,1.19,0
59,15,2,1661,1,1193,Home,West,2,0,8.18,0
69,9,1,3758,0,0,Auto,South,1,1,12.02,0
43,5,2,4433,0,0,Auto,West,0,1,14.34,0
23,13,1,3347,0,0,Health,South,2,0,16.31,0
45,18,3,1939,2,4386,Auto,North,0,0,8.25,0
29,5,1,3942,1,2009,Life,West,0,0,15.69,0
32,16,1,4980,0,0,Health,South,0,1,15.27,0
34,19,3,555,0,0,Home,North,0,0,9.49,0
38,14,1,3824,3,5748,Life,North,0,0,24.91,0
29,16,1,605,1,1212,Auto,East,0,0,16.37,0
42,15,2,3701,0,0,Health,North,1,0,9.97,0
39,4,2,1169,1,1510,Life,East,0,1,28.42,1
51,7,2,4971,0,0,Auto,North,1,1,25.35,1
39,16,1,1242,0,0,Life,North,0,0,29.48,0
67,8,2,1466,0,0,Auto,South,1,0,20.77,0
68,17,1,807,1,2509,Life,South,1,0,11.35,0
52,16,1,2638,0,0,Home,East,1,1,8.43,0
59,10,3,3964,0,0,Life,West,0,0,19.9,0
53,10,2,609,0,0,Life,South,1,0,29.42,0
32,2,1,4132,1,2428,Life,North,0,1,18.8,1
66,9,2,4935,1,924,Home,East,2,0,26.45,0
46,17,1,2415,0,0,Auto,East,0,1,9.87,0
54,11,3,4763,2,4018,Auto,East,0,0,12.21,0
59,10,1,1056,1,220,Health,North,0,1,27.19,1
62,17,1,604,2,918,Health,South,1,0,22.71,0
29,4,2,2547,1,2713,Life,West,0,0,29.44,0
32,16,2,645,1,1339,Health,East,2,0,23.24,0
43,15,2,3263,0,0,Life,North,3,1,13.46,0
45,5,1,1373,0,0,Home,South,1,1,15.93,0
62,6,1,798,0,0,Auto,South,0,0,27.02,0
38,17,2,3738,1,2179,Health,West,1,1,16.55,0
33,1,1,1145,1,2040,Life,East,0,1,7.66,0
67,19,3,3578,1,2056,Auto,North,0,1,13.07,0
53,4,1,3011,0,0,Life,South,2,1,15.49,1
36,17,2,1283,2,4342,Life,North,3,0,2.9,0
37,9,2,870,1,1480,Life,South,2,1,22.31,0
43,2,1,986,0,0,Health,East,0,0,3.28,0
49,8,2,2537,1,732,Auto,East,0,0,12.15,0
41,15,3,3696,0,0,Health,West,0,0,24.14,0
54,7,1,1860,0,0,Life,South,0,1,14.03,0
31,6,4,4787,1,503,Health,North,0,1,25.26,0
61,1,2,2761,0,0,Auto,South,0,1,10.26,0
53,15,1,3121,0,0,Life,North,1,1,28.73,0
54,7,2,1456,2,4886,Life,West,1,1,6.28,0
23,17,1,880,1,1012,Home,South,1,0,1.15,0
54,2,2,4149,0,0,Home,East,1,0,26.17,1
54,9,3,738,1,2184,Home,North,0,0,22.57,0
62,9,3,1605,0,0,Auto,East,0,0,6.96,0
34,13,4,1886,0,0,Life,West,1,0,29.54,0
51,6,3,3052,1,2952,Life,West,0,0,15.07,0
54,6,2,2749,1,1881,Health,North,0,1,28.53,0
34,3,1,2027,1,1533,Health,South,0,1,15.15,0
47,17,2,2167,0,0,Home,East,0,1,14.16,0
43,17,1,4632,0,0,Auto,East,1,1,13.47,0
60,12,2,3191,1,1616,Auto,North,2,0,10.05,0
23,16,2,4172,2,4374,Life,North,2,1,16.01,0
59,15,1,2496,1,2526,Home,North,0,0,13.58,0
60,13,1,1925,0,0,Auto,West,0,0,1.1,0
47,1,1,3312,1,2610,Life,West,1,1,7.81,0
67,17,2,3747,2,3944,Home,East,0,0,6.39,0
36,3,2,3092,0,0,Life,South,0,0,26.02,0
55,15,2,1990,1,1274,Life,North,2,0,17.97,0
63,4,2,1724,0,0,Auto,West,1,1,22.91,0
65,4,2,3087,1,864,Auto,South,2,1,28.7,0
61,18,1,3564,3,2373,Life,North,0,0,19.32,0
32,17,1,1332,0,0,Health,South,0,1,29.48,0
24,19,2,2940,1,2521,Home,North,1,0,9.35,0
27,11,2,2146,0,0,Auto,South,0,0,5.59,0
30,3,1,940,0,0,Auto,East,1,0,12.1,0
27,8,1,2029,0,0,Life,North,0,1,14.12,0
30,14,1,3465,0,0,Life,North,1,0,26.86,0
60,1,2,2867,1,2902,Life,East,1,0,16.8,1
52,14,1,3786,0,0,Life,North,0,0,8.77,0
53,2,2,4831,2,1386,Life,North,0,0,22.28,0
62,4,3,1804,0,0,Life,West,1,1,15.17,1
33,19,1,3534,2,5102,Health,East,1,0,4.86,0
29,6,4,4188,1,1690,Health,West,0,0,17.3,0
29,1,2,4473,1,1103,Auto,East,2,0,27.34,1
49,17,2,1685,3,7458,Life,South,0,0,25.28,0
41,8,2,3762,0,0,Health,East,0,1,17.6,0
68,19,2,2607,1,1740,Life,East,0,0,11.31,0
28,1,2,2340,1,1083,Health,West,2,0,2.61,1
32,5,2,4820,0,0,Life,North,0,0,14.09,0
41,16,1,3247,1,2973,Home,East,0,0,22.56,0
37,6,1,4764,1,2565,Auto,North,1,1,10.81,1
25,8,1,3633,2,5544,Health,East,0,1,7.06,0
27,13,1,3920,0,0,Life,West,0,1,27.94,0
43,16,1,1965,1,819,Health,East,0,0,24.65,0
47,3,1,4609,1,1152,Auto,South,1,1,19.15,0
24,19,2,2711,1,519,Life,East,0,1,4.1,0
62,12,3,3304,0,0,Health,East,2,0,4.35,0
63,16,4,2043,1,2576,Auto,North,2,1,3.1,0
35,11,2,2189,2,4200,Auto,North,1,1,18.49,1
32,10,2,2071,1,952,Auto,South,1,0,3.47,0
39,4,3,3779,0,0,Home,East,0,0,25.28,0
33,12,2,4041,0,0,Home,North,0,1,29.79,1
44,2,1,3523,1,1237,Health,East,1,0,10.99,0
33,19,4,1318,1,270,Health,West,2,1,13.61,0
34,5,2,1624,1,2035,Auto,West,0,1,21.35,0
46,8,2,1629,2,3492,Auto,South,0,1,28.11,0
66,7,1,2202,2,610,Home,West,0,0,26.82,0
40,14,1,2501,1,969,Life,North,0,0,1.73,0
67,3,3,4378,0,0,Health,North,0,0,5.07,0
57,18,2,4872,1,2443,Life,South,0,1,22.64,0
66,16,1,2306,0,0,Life,East,0,1,20.67,0
29,19,1,3447,1,1573,Life,North,0,1,4.0,0
50,19,2,3709,1,2718,Auto,West,0,0,15.06,0
53,18,2,2652,2,3818,Life,North,1,1,23.42,1
65,16,1,4705,0,0,Auto,South,2,1,6.56,0
39,8,3,1044,0,0,Auto,West,3,0,26.14,1
27,1,1,2901,0,0,Life,West,0,0,1.59,0
39,17,1,2864,2,2266,Life,West,0,1,23.47,0
40,12,2,1789,0,0,Auto,South,3,1,18.47,0
43,11,1,4265,0,0,Auto,South,1,1,9.46,0
58,5,3,2375,0,0,Home,East,0,0,21.63,0
53,12,2,4928,1,484,Home,East,0,0,23.47,0
62,17,3,1282,1,2731,Home,East,0,1,28.02,0
24,6,1,1039,0,0,Health,South,0,1,11.03,0
49,1,1,3282,1,2619,Home,West,0,1,20.58,0
31,5,1,3168,2,538,Auto,West,2,1,18.08,0
56,14,2,4437,0,0,Home,North,0,0,15.76,0
50,5,2,3456,3,4506,Life,East,1,1,26.71,1
36,1,3,4222,1,2549,Home,West,1,0,0.1,0
54,18,2,4367,2,908,Health,West,1,0,8.46,0
28,16,4,2333,1,1907,Auto,West,2,0,16.15,1
33,9,2,2646,1,891,Life,West,3,1,5.35,0
51,19,1,2670,1,1487,Health,South,0,1,27.24,0
42,5,1,3891,1,1033,Life,East,3,0,19.43,0
52,2,2,2116,1,2964,Life,West,1,0,14.34,0
45,15,1,1416,1,2671,Life,West,0,1,24.44,0
41,7,1,3256,1,2460,Auto,West,1,1,13.53,0
58,4,2,2436,1,2235,Life,West,1,1,16.76,0
25,1,3,4542,0,0,Health,North,2,0,0.08,0
49,13,1,3591,0,0,Life,West,0,0,10.97,0
65,7,3,1468,0,0,Health,West,0,0,4.16,0
41,15,3,3864,0,0,Life,West,0,0,20.69,0
45,14,2,3703,1,2925,Life,North,0,0,14.37,0
53,19,1,1389,1,2722,Health,South,0,0,9.05,0
62,18,1,1292,0,0,Auto,North,0,0,14.03,0
57,10,2,3958,1,311,Life,West,1,0,6.29,0
55,9,2,1481,1,382,Life,South,0,1,27.75,0
57,8,3,4031,0,0,Life,West,0,0,1.62,0
23,10,2,4029,0,0,Home,South,0,0,25.96,0
36,17,1,1301,1,2337,Health,West,0,1,15.34,0
55,2,1,542,1,2223,Health,West,0,1,18.57,0
57,6,2,3849,2,1308,Life,South,0,1,9.08,1
27,5,1,2277,2,4970,Health,South,0,1,29.0,0
60,9,1,3701,1,2222,Life,West,0,1,8.46,0
63,5,2,849,1,2781,Life,North,0,1,17.67,0
